date,route,rate_usd_per_tonne,freight_proxy_index,bunker_usd_per_tonne,brent_usd_per_bbl,coal_price_usd_per_tonne,usd_inr,congestion_days,route_distance_nm,vessel_class_code,freight_source,coal_source,bunker_source,fx_source,congestion_source
2018-01-05,Freight-market proxy → East Coast India planning,11.571612903225807,1157.1612903225807,503.73580645161286,68.53548387096774,106.43548387096774,63.388,1.8,2400.0,1.0,Statistics Finland sea-freight price index (proxy),"World Bank Pink Sheet: Coal, Australian",World Bank Pink Sheet: Brent × 7.35 energy proxy,"Raw USD/INR daily close, weekly last observation",Prototype default; replace with AIS/port feed
2018-01-12,Freight-market proxy → East Coast India planning,11.661935483870968,1166.1935483870968,497.7609677419354,67.72258064516129,106.3225806451613,63.6225,1.8,2400.0,1.0,Statistics Finland sea-freight price index (proxy),"World Bank Pink Sheet: Coal, Australian",World Bank Pink Sheet: Brent × 7.35 energy proxy,"Raw USD/INR daily close, weekly last observation",Prototype default; replace with AIS/port feed
2018-01-19,Freight-market proxy → East Coast India planning,11.752258064516129,1175.225806451613,491.78612903225803,66.90967741935484,106.20967741935483,63.79,1.8,2400.0,1.0,Statistics Finland sea-freight price index (proxy),"World Bank Pink Sheet: Coal, Australian",World Bank Pink Sheet: Brent × 7.35 energy proxy,"Raw USD/INR daily close, weekly last observation",Prototype default; replace with AIS/port feed
2018-01-26,Freight-market proxy → East Coast India planning,11.84258064516129,1184.258064516129,485.8112903225807,66.0967741935484,106.09677419354838,63.58,1.8,2400.0,1.0,Statistics Finland sea-freight price index (proxy),"World Bank Pink Sheet: Coal, Australian",World Bank Pink Sheet: Brent × 7.35 energy proxy,"Raw USD/INR daily close, weekly last observation",Prototype default; replace with AIS/port feed
2018-02-02,Freight-market proxy → East Coast India planning,11.87107142857143,1187.107142857143,480.97875,65.43928571428572,105.66785714285714,64.06,1.8,2400.0,1.0,Statistics Finland sea-freight price index (proxy),"World Bank Pink Sheet: Coal, Australian",World Bank Pink Sheet: Brent × 7.35 energy proxy,"Raw USD/INR daily close, weekly last observation",Prototype default; replace with AIS/port feed
2018-02-09,Freight-market proxy → East Coast India planning,11.528571428571428,1152.857142857143,483.00000000000006,65.71428571428572,103.34285714285714,64.415,1.8,2400.0,1.0,Statistics Finland sea-freight price index (proxy),"World Bank Pink Sheet: Coal, Australian",World Bank Pink Sheet: Brent × 7.35 energy proxy,"Raw USD/INR daily close, weekly last observation",Prototype default; replace with AIS/port feed
2018-02-16,Freight-market proxy → East Coast India planning,11.186071428571429,1118.607142857143,485.02124999999995,65.98928571428571,101.01785714285714,64.175,1.8,2400.0,1.0,Statistics Finland sea-freight price index (proxy),"World Bank Pink Sheet: Coal, Australian",World Bank Pink Sheet: Brent × 7.35 energy proxy,"Raw USD/INR daily close, weekly last observation",Prototype default; replace with AIS/port feed
2018-02-23,Freight-market proxy → East Coast India planning,10.84357142857143,1084.357142857143,487.0425,66.26428571428572,98.69285714285715,64.7325,1.8,2400.0,1.0,Statistics Finland sea-freight price index (proxy),"World Bank Pink Sheet: Coal, Australian",World Bank Pink Sheet: Brent × 7.35 energy proxy,"Raw USD/INR daily close, weekly last observation",Prototype default; replace with AIS/port feed
2018-03-02,Freight-market proxy → East Coast India planning,10.64225806451613,1064.225806451613,489.9841935483871,66.66451612903226,96.60322580645162,65.22,1.8,2400.0,1.0,Statistics Finland sea-freight price index (proxy),"World Bank Pink Sheet: Coal, Australian",World Bank Pink Sheet: Brent × 7.35 energy proxy,"Raw USD/INR daily close, weekly last observation",Prototype default; replace with AIS/port feed
2018-03-09,Freight-market proxy → East Coast India planning,11.288064516129031,1128.8064516129032,498.4485483870967,67.81612903225806,95.9258064516129,65.155,1.8,2400.0,1.0,Statistics Finland sea-freight price index (proxy),"World Bank Pink Sheet: Coal, Australian",World Bank Pink Sheet: Brent × 7.35 energy proxy,"Raw USD/INR daily close, weekly last observation",Prototype default; replace with AIS/port feed
2018-03-16,Freight-market proxy → East Coast India planning,11.933870967741937,1193.3870967741937,506.9129032258064,68.96774193548387,95.2483870967742,64.975,1.8,2400.0,1.0,Statistics Finland sea-freight price index (proxy),"World Bank Pink Sheet: Coal, Australian",World Bank Pink Sheet: Brent × 7.35 energy proxy,"Raw USD/INR daily close, weekly last observation",Prototype default; replace with AIS/port feed
2018-03-23,Freight-market proxy → East Coast India planning,12.579677419354839,1257.967741935484,515.377258064516,70.11935483870967,94.57096774193549,65.0175,1.8,2400.0,1.0,Statistics Finland sea-freight price index (proxy),"World Bank Pink Sheet: Coal, Australian",World Bank Pink Sheet: Brent × 7.35 energy proxy,"Raw USD/INR daily close, weekly last observation",Prototype default; replace with AIS/port feed
2018-03-30,Freight-market proxy → East Coast India planning,13.225483870967741,1322.5483870967741,523.8416129032257,71.27096774193548,93.89354838709677,65.135,1.8,2400.0,1.0,Statistics Finland sea-freight price index (proxy),"World Bank Pink Sheet: Coal, Australian",World Bank Pink Sheet: Brent × 7.35 energy proxy,"Raw USD/INR daily close, weekly last observation",Prototype default; replace with AIS/port feed
2018-04-06,Freight-market proxy → East Coast India planning,12.991666666666667,1299.1666666666667,532.5075,72.45,95.63333333333334,64.98,1.8,2400.0,1.0,Statistics Finland sea-freight price index (proxy),"World Bank Pink Sheet: Coal, Australian",World Bank Pink Sheet: Brent × 7.35 energy proxy,"Raw USD/INR daily close, weekly last observation",Prototype default; replace with AIS/port feed
2018-04-13,Freight-market proxy → East Coast India planning,12.405999999999999,1240.6,541.254,73.64,98.34,65.255,1.8,2400.0,1.0,Statistics Finland sea-freight price index (proxy),"World Bank Pink Sheet: Coal, Australian",World Bank Pink Sheet: Brent × 7.35 energy proxy,"Raw USD/INR daily close, weekly last observation",Prototype default; replace with AIS/port feed
2018-04-20,Freight-market proxy → East Coast India planning,11.820333333333332,1182.0333333333333,550.0005,74.83,101.04666666666667,66.0325,1.8,2400.0,1.0,Statistics Finland sea-freight price index (proxy),"World Bank Pink Sheet: Coal, Australian",World Bank Pink Sheet: Brent × 7.35 energy proxy,"Raw USD/INR daily close, weekly last observation",Prototype default; replace with AIS/port feed
2018-04-27,Freight-market proxy → East Coast India planning,11.234666666666667,1123.4666666666667,558.747,76.02,103.75333333333333,66.745,1.8,2400.0,1.0,Statistics Finland sea-freight price index (proxy),"World Bank Pink Sheet: Coal, Australian",World Bank Pink Sheet: Brent × 7.35 energy proxy,"Raw USD/INR daily close, weekly last observation",Prototype default; replace with AIS/port feed
2018-05-04,Freight-market proxy → East Coast India planning,11.185483870967742,1118.5483870967741,562.6780645161291,76.55483870967743,106.17096774193548,66.87,1.8,2400.0,1.0,Statistics Finland sea-freight price index (proxy),"World Bank Pink Sheet: Coal, Australian",World Bank Pink Sheet: Brent × 7.35 energy proxy,"Raw USD/INR daily close, weekly last observation",Prototype default; replace with AIS/port feed
2018-05-11,Freight-market proxy → East Coast India planning,11.851612903225806,1185.1612903225807,560.1885483870967,76.21612903225807,108.20322580645161,67.27,1.8,2400.0,1.0,Statistics Finland sea-freight price index (proxy),"World Bank Pink Sheet: Coal, Australian",World Bank Pink Sheet: Brent × 7.35 energy proxy,"Raw USD/INR daily close, weekly last observation",Prototype default; replace with AIS/port feed
2018-05-18,Freight-market proxy → East Coast India planning,12.51774193548387,1251.774193548387,557.6990322580644,75.87741935483871,110.23548387096774,68.0425,1.8,2400.0,1.0,Statistics Finland sea-freight price index (proxy),"World Bank Pink Sheet: Coal, Australian",World Bank Pink Sheet: Brent × 7.35 energy proxy,"Raw USD/INR daily close, weekly last observation",Prototype default; replace with AIS/port feed
2018-05-25,Freight-market proxy → East Coast India planning,13.183870967741937,1318.3870967741937,555.2095161290323,75.53870967741936,112.26774193548387,67.77,1.8,2400.0,1.0,Statistics Finland sea-freight price index (proxy),"World Bank Pink Sheet: Coal, Australian",World Bank Pink Sheet: Brent × 7.35 energy proxy,"Raw USD/INR daily close, weekly last observation",Prototype default; replace with AIS/port feed
2018-06-01,Freight-market proxy → East Coast India planning,13.85,1385.0,552.72,75.2,114.3,67.12,1.8,2400.0,1.0,Statistics Finland sea-freight price index (proxy),"World Bank Pink Sheet: Coal, Australian",World Bank Pink Sheet: Brent × 7.35 energy proxy,"Raw USD/INR daily close, weekly last observation",Prototype default; replace with AIS/port feed
2018-06-08,Freight-market proxy → East Coast India planning,14.694666666666667,1469.4666666666667,551.348,75.01333333333334,115.53666666666666,67.6975,1.8,2400.0,1.0,Statistics Finland sea-freight price index (proxy),"World Bank Pink Sheet: Coal, Australian",World Bank Pink Sheet: Brent × 7.35 energy proxy,"Raw USD/INR daily close, weekly last observation",Prototype default; replace with AIS/port feed
2018-06-15,Freight-market proxy → East Coast India planning,15.539333333333333,1553.9333333333334,549.976,74.82666666666667,116.77333333333333,67.95,1.8,2400.0,1.0,Statistics Finland sea-freight price index (proxy),"World Bank Pink Sheet: Coal, Australian",World Bank Pink Sheet: Brent × 7.35 energy proxy,"Raw USD/INR daily close, weekly last observation",Prototype default; replace with AIS/port feed
2018-06-22,Freight-market proxy → East Coast India planning,16.384,1638.4,548.6039999999999,74.64,118.00999999999999,67.7875,1.8,2400.0,1.0,Statistics Finland sea-freight price index (proxy),"World Bank Pink Sheet: Coal, Australian",World Bank Pink Sheet: Brent × 7.35 energy proxy,"Raw USD/INR daily close, weekly last observation",Prototype default; replace with AIS/port feed
2018-06-29,Freight-market proxy → East Coast India planning,17.228666666666665,1722.8666666666666,547.232,74.45333333333333,119.24666666666666,68.44,1.8,2400.0,1.0,Statistics Finland sea-freight price index (proxy),"World Bank Pink Sheet: Coal, Australian",World Bank Pink Sheet: Brent × 7.35 energy proxy,"Raw USD/INR daily close, weekly last observation",Prototype default; replace with AIS/port feed
2018-07-06,Freight-market proxy → East Coast India planning,17.199032258064516,1719.9032258064517,545.2988709677419,74.19032258064516,119.2290322580645,68.9425,1.8,2400.0,1.0,Statistics Finland sea-freight price index (proxy),"World Bank Pink Sheet: Coal, Australian",World Bank Pink Sheet: Brent × 7.35 energy proxy,"Raw USD/INR daily close, weekly last observation",Prototype default; replace with AIS/port feed
2018-07-13,Freight-market proxy → East Coast India planning,16.81967741935484,1681.967741935484,543.1412903225806,73.89677419354838,118.70967741935483,68.435,1.8,2400.0,1.0,Statistics Finland sea-freight price index (proxy),"World Bank Pink Sheet: Coal, Australian",World Bank Pink Sheet: Brent × 7.35 energy proxy,"Raw USD/INR daily close, weekly last observation",Prototype default; replace with AIS/port feed
2018-07-20,Freight-market proxy → East Coast India planning,16.440322580645162,1644.032258064516,540.9837096774194,73.60322580645162,118.19032258064516,68.8425,1.8,2400.0,1.0,Statistics Finland sea-freight price index (proxy),"World Bank Pink Sheet: Coal, Australian",World Bank Pink Sheet: Brent × 7.35 energy proxy,"Raw USD/INR daily close, weekly last observation",Prototype default; replace with AIS/port feed
2018-07-27,Freight-market proxy → East Coast India planning,16.06096774193548,1606.0967741935483,538.8261290322581,73.30967741935484,117.67096774193548,68.745,1.8,2400.0,1.0,Statistics Finland sea-freight price index (proxy),"World Bank Pink Sheet: Coal, Australian",World Bank Pink Sheet: Brent × 7.35 energy proxy,"Raw USD/INR daily close, weekly last observation",Prototype default; replace with AIS/port feed
2018-08-03,Freight-market proxy → East Coast India planning,15.76483870967742,1576.483870967742,540.0353225806451,73.47419354838709,117.1,68.765,1.8,2400.0,1.0,Statistics Finland sea-freight price index (proxy),"World Bank Pink Sheet: Coal, Australian",World Bank Pink Sheet: Brent × 7.35 energy proxy,"Raw USD/INR daily close, weekly last observation",Prototype default; replace with AIS/port feed
2018-08-10,Freight-market proxy → East Coast India planning,15.676774193548388,1567.6774193548388,549.6614516129032,74.78387096774193,116.4,68.88,1.8,2400.0,1.0,Statistics Finland sea-freight price index (proxy),"World Bank Pink Sheet: Coal, Australian",World Bank Pink Sheet: Brent × 7.35 energy proxy,"Raw USD/INR daily close, weekly last observation",Prototype default; replace with AIS/port feed
2018-08-17,Freight-market proxy → East Coast India planning,15.588709677419354,1558.8709677419354,559.2875806451613,76.09354838709677,115.7,70.2925,1.8,2400.0,1.0,Statistics Finland sea-freight price index (proxy),"World Bank Pink Sheet: Coal, Australian",World Bank Pink Sheet: Brent × 7.35 energy proxy,"Raw USD/INR daily close, weekly last observation",Prototype default; replace with AIS/port feed
2018-08-24,Freight-market proxy → East Coast India planning,15.500645161290322,1550.0645161290322,568.9137096774193,77.40322580645162,115.0,70.065,1.8,2400.0,1.0,Statistics Finland sea-freight price index (proxy),"World Bank Pink Sheet: Coal, Australian",World Bank Pink Sheet: Brent × 7.35 energy proxy,"Raw USD/INR daily close, weekly last observation",Prototype default; replace with AIS/port feed
2018-08-31,Freight-market proxy → East Coast India planning,15.41258064516129,1541.258064516129,578.5398387096774,78.71290322580646,114.3,70.89,1.8,2400.0,1.0,Statistics Finland sea-freight price index (proxy),"World Bank Pink Sheet: Coal, Australian",World Bank Pink Sheet: Brent × 7.35 energy proxy,"Raw USD/INR daily close, weekly last observation",Prototype default; replace with AIS/port feed
2018-09-07,Freight-market proxy → East Coast India planning,15.3,1530.0,582.2669999999999,79.22,113.10000000000001,71.785,1.8,2400.0,1.0,Statistics Finland sea-freight price index (proxy),"World Bank Pink Sheet: Coal, Australian",World Bank Pink Sheet: Brent × 7.35 energy proxy,"Raw USD/INR daily close, weekly last observation",Prototype default; replace with AIS/port feed
2018-09-14,Freight-market proxy → East Coast India planning,15.183333333333332,1518.3333333333333,585.011,79.59333333333333,111.81666666666666,71.915,1.8,2400.0,1.0,Statistics Finland sea-freight price index (proxy),"World Bank Pink Sheet: Coal, Australian",World Bank Pink Sheet: Brent × 7.35 energy proxy,"Raw USD/INR daily close, weekly last observation",Prototype default; replace with AIS/port feed
2018-09-21,Freight-market proxy → East Coast India planning,15.066666666666668,1506.6666666666667,587.755,79.96666666666667,110.53333333333333,72.165,1.8,2400.0,1.0,Statistics Finland sea-freight price index (proxy),"World Bank Pink Sheet: Coal, Australian",World Bank Pink Sheet: Brent × 7.35 energy proxy,"Raw USD/INR daily close, weekly last observation",Prototype default; replace with AIS/port feed
2018-09-28,Freight-market proxy → East Coast India planning,14.95,1495.0,590.499,80.34,109.25,72.565,1.8,2400.0,1.0,Statistics Finland sea-freight price index (proxy),"World Bank Pink Sheet: Coal, Australian",World Bank Pink Sheet: Brent × 7.35 energy proxy,"Raw USD/INR daily close, weekly last observation",Prototype default; replace with AIS/port feed
2018-10-05,Freight-market proxy → East Coast India planning,14.565806451612902,1456.5806451612902,577.1646774193548,78.52580645161291,107.66774193548387,74.095,1.8,2400.0,1.0,Statistics Finland sea-freight price index (proxy),"World Bank Pink Sheet: Coal, Australian",World Bank Pink Sheet: Brent × 7.35 energy proxy,"Raw USD/INR daily close, weekly last observation",Prototype default; replace with AIS/port feed
2018-10-12,Freight-market proxy → East Coast India planning,13.980967741935483,1398.0967741935483,551.7716129032258,75.07096774193549,105.86129032258064,73.6625,1.8,2400.0,1.0,Statistics Finland sea-freight price index (proxy),"World Bank Pink Sheet: Coal, Australian",World Bank Pink Sheet: Brent × 7.35 energy proxy,"Raw USD/INR daily close, weekly last observation",Prototype default; replace with AIS/port feed
2018-10-19,Freight-market proxy → East Coast India planning,13.396129032258063,1339.6129032258063,526.3785483870968,71.61612903225807,104.05483870967743,73.435,1.8,2400.0,1.0,Statistics Finland sea-freight price index (proxy),"World Bank Pink Sheet: Coal, Australian",World Bank Pink Sheet: Brent × 7.35 energy proxy,"Raw USD/INR daily close, weekly last observation",Prototype default; replace with AIS/port feed
2018-10-26,Freight-market proxy → East Coast India planning,12.811290322580644,1281.1290322580644,500.9854838709677,68.16129032258064,102.2483870967742,73.3425,1.8,2400.0,1.0,Statistics Finland sea-freight price index (proxy),"World Bank Pink Sheet: Coal, Australian",World Bank Pink Sheet: Brent × 7.35 energy proxy,"Raw USD/INR daily close, weekly last observation",Prototype default; replace with AIS/port feed
2018-11-02,Freight-market proxy → East Coast India planning,12.323333333333332,1232.3333333333333,477.08849999999995,64.91,100.72333333333333,72.49,1.8,2400.0,1.0,Statistics Finland sea-freight price index (proxy),"World Bank Pink Sheet: Coal, Australian",World Bank Pink Sheet: Brent × 7.35 energy proxy,"Raw USD/INR daily close, weekly last observation",Prototype default; replace with AIS/port feed
2018-11-09,Freight-market proxy → East Coast India planning,12.416666666666668,1241.6666666666667,462.168,62.88,100.88666666666667,72.4725,1.8,2400.0,1.0,Statistics Finland sea-freight price index (proxy),"World Bank Pink Sheet: Coal, Australian",World Bank Pink Sheet: Brent × 7.35 energy proxy,"Raw USD/INR daily close, weekly last observation",Prototype default; replace with AIS/port feed
2018-11-16,Freight-market proxy → East Coast India planning,12.51,1251.0,447.2475,60.85,101.05,71.8325,1.8,2400.0,1.0,Statistics Finland sea-freight price index (proxy),"World Bank Pink Sheet: Coal, Australian",World Bank Pink Sheet: Brent × 7.35 energy proxy,"Raw USD/INR daily close, weekly last observation",Prototype default; replace with AIS/port feed
2018-11-23,Freight-market proxy → East Coast India planning,12.603333333333332,1260.3333333333333,432.327,58.82,101.21333333333334,70.925,1.8,2400.0,1.0,Statistics Finland sea-freight price index (proxy),"World Bank Pink Sheet: Coal, Australian",World Bank Pink Sheet: Brent × 7.35 energy proxy,"Raw USD/INR daily close, weekly last observation",Prototype default; replace with AIS/port feed
2018-11-30,Freight-market proxy → East Coast India planning,12.696666666666667,1269.6666666666667,417.4065,56.79,101.37666666666667,69.6925,1.8,2400.0,1.0,Statistics Finland sea-freight price index (proxy),"World Bank Pink Sheet: Coal, Australian",World Bank Pink Sheet: Brent × 7.35 energy proxy,"Raw USD/INR daily close, weekly last observation",Prototype default; replace with AIS/port feed
2018-12-07,Freight-market proxy → East Coast India planning,11.542903225806452,1154.2903225806451,419.25822580645155,57.041935483870965,100.85806451612903,70.76,1.8,2400.0,1.0,Statistics Finland sea-freight price index (proxy),"World Bank Pink Sheet: Coal, Australian",World Bank Pink Sheet: Brent × 7.35 energy proxy,"Raw USD/INR daily close, weekly last observation",Prototype default; replace with AIS/port feed
2018-12-14,Freight-market proxy → East Coast India planning,10.181290322580645,1018.1290322580645,423.90532258064513,57.674193548387095,100.22580645161291,71.875,1.8,2400.0,1.0,Statistics Finland sea-freight price index (proxy),"World Bank Pink Sheet: Coal, Australian",World Bank Pink Sheet: Brent × 7.35 energy proxy,"Raw USD/INR daily close, weekly last observation",Prototype default; replace with AIS/port feed
2018-12-21,Freight-market proxy → East Coast India planning,8.81967741935484,881.9677419354839,428.55241935483866,58.306451612903224,99.59354838709677,70.006,1.8,2400.0,1.0,Statistics Finland sea-freight price index (proxy),"World Bank Pink Sheet: Coal, Australian",World Bank Pink Sheet: Brent × 7.35 energy proxy,"Raw USD/INR daily close, weekly last observation",Prototype default; replace with AIS/port feed
2018-12-28,Freight-market proxy → East Coast India planning,7.458064516129033,745.8064516129033,433.19951612903225,58.938709677419354,98.96129032258064,70.0575,1.8,2400.0,1.0,Statistics Finland sea-freight price index (proxy),"World Bank Pink Sheet: Coal, Australian",World Bank Pink Sheet: Brent × 7.35 energy proxy,"Raw USD/INR daily close, weekly last observation",Prototype default; replace with AIS/port feed
2019-01-04,Freight-market proxy → East Coast India planning,6.670322580645161,667.0322580645161,439.269193548387,59.76451612903225,98.29032258064515,69.735,1.8,2400.0,1.0,Statistics Finland sea-freight price index (proxy),"World Bank Pink Sheet: Coal, Australian",World Bank Pink Sheet: Brent × 7.35 energy proxy,"Raw USD/INR daily close, weekly last observation",Prototype default; replace with AIS/port feed
2019-01-11,Freight-market proxy → East Coast India planning,6.647741935483871,664.7741935483871,447.2356451612903,60.84838709677419,97.56774193548387,70.461,1.8,2400.0,1.0,Statistics Finland sea-freight price index (proxy),"World Bank Pink Sheet: Coal, Australian",World Bank Pink Sheet: Brent × 7.35 energy proxy,"Raw USD/INR daily close, weekly last observation",Prototype default; replace with AIS/port feed
2019-01-18,Freight-market proxy → East Coast India planning,6.6251612903225805,662.516129032258,455.20209677419354,61.93225806451613,96.84516129032258,71.1275,1.8,2400.0,1.0,Statistics Finland sea-freight price index (proxy),"World Bank Pink Sheet: Coal, Australian",World Bank Pink Sheet: Brent × 7.35 energy proxy,"Raw USD/INR daily close, weekly last observation",Prototype default; replace with AIS/port feed
2019-01-25,Freight-market proxy → East Coast India planning,6.60258064516129,660.258064516129,463.1685483870967,63.01612903225806,96.12258064516129,71.225,1.8,2400.0,1.0,Statistics Finland sea-freight price index (proxy),"World Bank Pink Sheet: Coal, Australian",World Bank Pink Sheet: Brent × 7.35 energy proxy,"Raw USD/INR daily close, weekly last observation",Prototype default; replace with AIS/port feed
2019-02-01,Freight-market proxy → East Coast India planning,6.58,658.0,471.13499999999993,64.1,95.4,71.2825,1.8,2400.0,1.0,Statistics Finland sea-freight price index (proxy),"World Bank Pink Sheet: Coal, Australian",World Bank Pink Sheet: Brent × 7.35 energy proxy,"Raw USD/INR daily close, weekly last observation",Prototype default; replace with AIS/port feed
2019-02-08,Freight-market proxy → East Coast India planning,6.6575,665.75,475.36125,64.675,94.825,71.29,1.8,2400.0,1.0,Statistics Finland sea-freight price index (proxy),"World Bank Pink Sheet: Coal, Australian",World Bank Pink Sheet: Brent × 7.35 energy proxy,"Raw USD/INR daily close, weekly last observation",Prototype default; replace with AIS/port feed
2019-02-15,Freight-market proxy → East Coast India planning,6.735,673.5,479.5875,65.25,94.25,71.276,1.8,2400.0,1.0,Statistics Finland sea-freight price index (proxy),"World Bank Pink Sheet: Coal, Australian",World Bank Pink Sheet: Brent × 7.35 energy proxy,"Raw USD/INR daily close, weekly last observation",Prototype default; replace with AIS/port feed
2019-02-22,Freight-market proxy → East Coast India planning,6.8125,681.25,483.81374999999997,65.825,93.675,71.159,1.8,2400.0,1.0,Statistics Finland sea-freight price index (proxy),"World Bank Pink Sheet: Coal, Australian",World Bank Pink Sheet: Brent × 7.35 energy proxy,"Raw USD/INR daily close, weekly last observation",Prototype default; replace with AIS/port feed
2019-03-01,Freight-market proxy → East Coast India planning,6.89,689.0,488.04,66.4,93.1,70.875,1.8,2400.0,1.0,Statistics Finland sea-freight price index (proxy),"World Bank Pink Sheet: Coal, Australian",World Bank Pink Sheet: Brent × 7.35 energy proxy,"Raw USD/INR daily close, weekly last observation",Prototype default; replace with AIS/port feed
2019-03-08,Freight-market proxy → East Coast India planning,7.6170967741935485,761.7096774193549,496.0064516129032,67.48387096774194,91.6774193548387,70.13,1.8,2400.0,1.0,Statistics Finland sea-freight price index (proxy),"World Bank Pink Sheet: Coal, Australian",World Bank Pink Sheet: Brent × 7.35 energy proxy,"Raw USD/INR daily close, weekly last observation",Prototype default; replace with AIS/port feed
2019-03-15,Freight-market proxy → East Coast India planning,8.344193548387096,834.4193548387096,503.9729032258065,68.56774193548388,90.25483870967741,69.134,1.8,2400.0,1.0,Statistics Finland sea-freight price index (proxy),"World Bank Pink Sheet: Coal, Australian",World Bank Pink Sheet: Brent × 7.35 energy proxy,"Raw USD/INR daily close, weekly last observation",Prototype default; replace with AIS/port feed
2019-03-22,Freight-market proxy → East Coast India planning,9.071290322580644,907.1290322580645,511.9393548387097,69.65161290322581,88.83225806451613,68.94,1.8,2400.0,1.0,Statistics Finland sea-freight price index (proxy),"World Bank Pink Sheet: Coal, Australian",World Bank Pink Sheet: Brent × 7.35 energy proxy,"Raw USD/INR daily close, weekly last observation",Prototype default; replace with AIS/port feed
2019-03-29,Freight-market proxy → East Coast India planning,9.798387096774194,979.8387096774194,519.9058064516129,70.73548387096774,87.40967741935484,69.27,1.8,2400.0,1.0,Statistics Finland sea-freight price index (proxy),"World Bank Pink Sheet: Coal, Australian",World Bank Pink Sheet: Brent × 7.35 energy proxy,"Raw USD/INR daily close, weekly last observation",Prototype default; replace with AIS/port feed
2019-04-05,Freight-market proxy → East Coast India planning,10.223333333333334,1022.3333333333334,522.634,71.10666666666667,86.2,69.248,1.8,2400.0,1.0,Statistics Finland sea-freight price index (proxy),"World Bank Pink Sheet: Coal, Australian",World Bank Pink Sheet: Brent × 7.35 energy proxy,"Raw USD/INR daily close, weekly last observation",Prototype default; replace with AIS/port feed
2019-04-12,Freight-market proxy → East Coast India planning,10.421666666666667,1042.1666666666667,521.4335000000001,70.94333333333334,85.14999999999999,69.2025,1.8,2400.0,1.0,Statistics Finland sea-freight price index (proxy),"World Bank Pink Sheet: Coal, Australian",World Bank Pink Sheet: Brent × 7.35 energy proxy,"Raw USD/INR daily close, weekly last observation",Prototype default; replace with AIS/port feed
2019-04-19,Freight-market proxy → East Coast India planning,10.62,1062.0,520.233,70.78,84.1,69.55,1.8,2400.0,1.0,Statistics Finland sea-freight price index (proxy),"World Bank Pink Sheet: Coal, Australian",World Bank Pink Sheet: Brent × 7.35 energy proxy,"Raw USD/INR daily close, weekly last observation",Prototype default; replace with AIS/port feed
2019-04-26,Freight-market proxy → East Coast India planning,10.818333333333333,1081.8333333333333,519.0325,70.61666666666667,83.05,69.995,1.8,2400.0,1.0,Statistics Finland sea-freight price index (proxy),"World Bank Pink Sheet: Coal, Australian",World Bank Pink Sheet: Brent × 7.35 energy proxy,"Raw USD/INR daily close, weekly last observation",Prototype default; replace with AIS/port feed
2019-05-03,Freight-market proxy → East Coast India planning,11.126451612903226,1112.6451612903227,514.7608064516129,70.03548387096774,81.66774193548387,69.356,1.8,2400.0,1.0,Statistics Finland sea-freight price index (proxy),"World Bank Pink Sheet: Coal, Australian",World Bank Pink Sheet: Brent × 7.35 energy proxy,"Raw USD/INR daily close, weekly last observation",Prototype default; replace with AIS/port feed
2019-05-10,Freight-market proxy → East Coast India planning,11.709032258064518,1170.9032258064517,502.811129032258,68.40967741935484,79.45483870967742,69.86,1.8,2400.0,1.0,Statistics Finland sea-freight price index (proxy),"World Bank Pink Sheet: Coal, Australian",World Bank Pink Sheet: Brent × 7.35 energy proxy,"Raw USD/INR daily close, weekly last observation",Prototype default; replace with AIS/port feed
2019-05-17,Freight-market proxy → East Coast India planning,12.291612903225808,1229.1612903225807,490.8614516129032,66.78387096774193,77.24193548387096,70.1625,1.8,2400.0,1.0,Statistics Finland sea-freight price index (proxy),"World Bank Pink Sheet: Coal, Australian",World Bank Pink Sheet: Brent × 7.35 energy proxy,"Raw USD/INR daily close, weekly last observation",Prototype default; replace with AIS/port feed
2019-05-24,Freight-market proxy → East Coast India planning,12.874193548387098,1287.4193548387098,478.91177419354835,65.15806451612903,75.02903225806452,69.64,1.8,2400.0,1.0,Statistics Finland sea-freight price index (proxy),"World Bank Pink Sheet: Coal, Australian",World Bank Pink Sheet: Brent × 7.35 energy proxy,"Raw USD/INR daily close, weekly last observation",Prototype default; replace with AIS/port feed
2019-05-31,Freight-market proxy → East Coast India planning,13.456774193548387,1345.6774193548388,466.9620967741935,63.53225806451613,72.81612903225806,69.814,1.8,2400.0,1.0,Statistics Finland sea-freight price index (proxy),"World Bank Pink Sheet: Coal, Australian",World Bank Pink Sheet: Brent × 7.35 energy proxy,"Raw USD/INR daily close, weekly last observation",Prototype default; replace with AIS/port feed
2019-06-07,Freight-market proxy → East Coast India planning,14.568,1456.8,466.28399999999993,63.44,72.42,69.4675,1.8,2400.0,1.0,Statistics Finland sea-freight price index (proxy),"World Bank Pink Sheet: Coal, Australian",World Bank Pink Sheet: Brent × 7.35 energy proxy,"Raw USD/INR daily close, weekly last observation",Prototype default; replace with AIS/port feed
2019-06-14,Freight-market proxy → East Coast India planning,15.767333333333333,1576.7333333333333,467.48449999999997,63.60333333333333,72.32666666666667,69.743,1.8,2400.0,1.0,Statistics Finland sea-freight price index (proxy),"World Bank Pink Sheet: Coal, Australian",World Bank Pink Sheet: Brent × 7.35 energy proxy,"Raw USD/INR daily close, weekly last observation",Prototype default; replace with AIS/port feed
2019-06-21,Freight-market proxy → East Coast India planning,16.96666666666667,1696.6666666666667,468.68499999999995,63.766666666666666,72.23333333333333,69.5301,1.8,2400.0,1.0,Statistics Finland sea-freight price index (proxy),"World Bank Pink Sheet: Coal, Australian",World Bank Pink Sheet: Brent × 7.35 energy proxy,"Raw USD/INR daily close, weekly last observation",Prototype default; replace with AIS/port feed
2019-06-28,Freight-market proxy → East Coast India planning,18.166,1816.6000000000001,469.8855,63.93,72.14,69.01,1.8,2400.0,1.0,Statistics Finland sea-freight price index (proxy),"World Bank Pink Sheet: Coal, Australian",World Bank Pink Sheet: Brent × 7.35 energy proxy,"Raw USD/INR daily close, weekly last observation",Prototype default; replace with AIS/port feed
2019-07-05,Freight-market proxy → East Coast India planning,19.33806451612903,1933.8064516129032,465.94258064516123,63.39354838709677,71.26129032258063,68.483,1.8,2400.0,1.0,Statistics Finland sea-freight price index (proxy),"World Bank Pink Sheet: Coal, Australian",World Bank Pink Sheet: Brent × 7.35 energy proxy,"Raw USD/INR daily close, weekly last observation",Prototype default; replace with AIS/port feed
2019-07-12,Freight-market proxy → East Coast India planning,20.489677419354837,2048.967741935484,458.1420967741935,62.332258064516125,69.79354838709676,68.6275,1.8,2400.0,1.0,Statistics Finland sea-freight price index (proxy),"World Bank Pink Sheet: Coal, Australian",World Bank Pink Sheet: Brent × 7.35 energy proxy,"Raw USD/INR daily close, weekly last observation",Prototype default; replace with AIS/port feed
2019-07-19,Freight-market proxy → East Coast India planning,21.641290322580645,2164.1290322580644,450.3416129032257,61.27096774193548,68.32580645161289,68.8975,1.8,2400.0,1.0,Statistics Finland sea-freight price index (proxy),"World Bank Pink Sheet: Coal, Australian",World Bank Pink Sheet: Brent × 7.35 energy proxy,"Raw USD/INR daily close, weekly last observation",Prototype default; replace with AIS/port feed
2019-07-26,Freight-market proxy → East Coast India planning,22.792903225806455,2279.2903225806454,442.541129032258,60.20967741935483,66.85806451612903,68.988,1.8,2400.0,1.0,Statistics Finland sea-freight price index (proxy),"World Bank Pink Sheet: Coal, Australian",World Bank Pink Sheet: Brent × 7.35 energy proxy,"Raw USD/INR daily close, weekly last observation",Prototype default; replace with AIS/port feed
2019-08-02,Freight-market proxy → East Coast India planning,23.600967741935484,2360.0967741935483,436.5662903225806,59.39677419354838,65.61290322580645,69.547,1.8,2400.0,1.0,Statistics Finland sea-freight price index (proxy),"World Bank Pink Sheet: Coal, Australian",World Bank Pink Sheet: Brent × 7.35 energy proxy,"Raw USD/INR daily close, weekly last observation",Prototype default; replace with AIS/port feed
2019-08-09,Freight-market proxy → East Coast India planning,22.347741935483874,2234.7741935483873,441.5453225806451,60.07419354838709,65.70322580645161,70.78,1.8,2400.0,1.0,Statistics Finland sea-freight price index (proxy),"World Bank Pink Sheet: Coal, Australian",World Bank Pink Sheet: Brent × 7.35 energy proxy,"Raw USD/INR daily close, weekly last observation",Prototype default; replace with AIS/port feed
2019-08-16,Freight-market proxy → East Coast India planning,21.094516129032257,2109.451612903226,446.52435483870966,60.751612903225805,65.79354838709678,71.0915,1.8,2400.0,1.0,Statistics Finland sea-freight price index (proxy),"World Bank Pink Sheet: Coal, Australian",World Bank Pink Sheet: Brent × 7.35 energy proxy,"Raw USD/INR daily close, weekly last observation",Prototype default; replace with AIS/port feed
2019-08-23,Freight-market proxy → East Coast India planning,19.841290322580647,1984.1290322580646,451.5033870967742,61.42903225806452,65.88387096774193,71.635,1.8,2400.0,1.0,Statistics Finland sea-freight price index (proxy),"World Bank Pink Sheet: Coal, Australian",World Bank Pink Sheet: Brent × 7.35 energy proxy,"Raw USD/INR daily close, weekly last observation",Prototype default; replace with AIS/port feed
2019-08-30,Freight-market proxy → East Coast India planning,18.58806451612903,1858.8064516129032,456.48241935483867,62.10645161290322,65.97419354838709,71.54,1.8,2400.0,1.0,Statistics Finland sea-freight price index (proxy),"World Bank Pink Sheet: Coal, Australian",World Bank Pink Sheet: Brent × 7.35 energy proxy,"Raw USD/INR daily close, weekly last observation",Prototype default; replace with AIS/port feed
2019-09-06,Freight-market proxy → East Coast India planning,18.076666666666668,1807.6666666666667,454.35249999999996,61.81666666666666,66.53333333333333,71.67,1.8,2400.0,1.0,Statistics Finland sea-freight price index (proxy),"World Bank Pink Sheet: Coal, Australian",World Bank Pink Sheet: Brent × 7.35 energy proxy,"Raw USD/INR daily close, weekly last observation",Prototype default; replace with AIS/port feed
2019-09-13,Freight-market proxy → East Coast India planning,17.862000000000002,1786.2,449.37899999999996,61.14,67.28,71.07,1.8,2400.0,1.0,Statistics Finland sea-freight price index (proxy),"World Bank Pink Sheet: Coal, Australian",World Bank Pink Sheet: Brent × 7.35 energy proxy,"Raw USD/INR daily close, weekly last observation",Prototype default; replace with AIS/port feed
2019-09-20,Freight-market proxy → East Coast India planning,17.647333333333332,1764.7333333333333,444.40549999999996,60.46333333333333,68.02666666666667,71.074,1.8,2400.0,1.0,Statistics Finland sea-freight price index (proxy),"World Bank Pink Sheet: Coal, Australian",World Bank Pink Sheet: Brent × 7.35 energy proxy,"Raw USD/INR daily close, weekly last observation",Prototype default; replace with AIS/port feed
2019-09-27,Freight-market proxy → East Coast India planning,17.432666666666666,1743.2666666666667,439.43199999999996,59.78666666666666,68.77333333333334,70.758,1.8,2400.0,1.0,Statistics Finland sea-freight price index (proxy),"World Bank Pink Sheet: Coal, Australian",World Bank Pink Sheet: Brent × 7.35 energy proxy,"Raw USD/INR daily close, weekly last observation",Prototype default; replace with AIS/port feed
2019-10-04,Freight-market proxy → East Coast India planning,17.113548387096774,1711.3548387096773,438.93725806451613,59.71935483870968,68.98709677419355,71.01,1.8,2400.0,1.0,Statistics Finland sea-freight price index (proxy),"World Bank Pink Sheet: Coal, Australian",World Bank Pink Sheet: Brent × 7.35 energy proxy,"Raw USD/INR daily close, weekly last observation",Prototype default; replace with AIS/port feed
2019-10-11,Freight-market proxy → East Coast India planning,16.65516129032258,1665.516129032258,444.41419354838706,60.464516129032255,68.49032258064517,71.0325,1.8,2400.0,1.0,Statistics Finland sea-freight price index (proxy),"World Bank Pink Sheet: Coal, Australian",World Bank Pink Sheet: Brent × 7.35 energy proxy,"Raw USD/INR daily close, weekly last observation",Prototype default; replace with AIS/port feed
2019-10-18,Freight-market proxy → East Coast India planning,16.19677419354839,1619.6774193548388,449.89112903225805,61.20967741935484,67.99354838709678,71.13,1.8,2400.0,1.0,Statistics Finland sea-freight price index (proxy),"World Bank Pink Sheet: Coal, Australian",World Bank Pink Sheet: Brent × 7.35 energy proxy,"Raw USD/INR daily close, weekly last observation",Prototype default; replace with AIS/port feed
2019-10-25,Freight-market proxy → East Coast India planning,15.738387096774193,1573.8387096774193,455.368064516129,61.95483870967742,67.49677419354839,70.8975,1.8,2400.0,1.0,Statistics Finland sea-freight price index (proxy),"World Bank Pink Sheet: Coal, Australian",World Bank Pink Sheet: Brent × 7.35 energy proxy,"Raw USD/INR daily close, weekly last observation",Prototype default; replace with AIS/port feed
2019-11-01,Freight-market proxy → East Coast India planning,15.28,1528.0,460.84499999999997,62.7,67.0,70.85,1.8,2400.0,1.0,Statistics Finland sea-freight price index (proxy),"World Bank Pink Sheet: Coal, Australian",World Bank Pink Sheet: Brent × 7.35 energy proxy,"Raw USD/INR daily close, weekly last observation",Prototype default; replace with AIS/port feed
2019-11-08,Freight-market proxy → East Coast India planning,14.258,1425.8,466.333,63.44666666666667,66.81333333333333,71.236,1.8,2400.0,1.0,Statistics Finland sea-freight price index (proxy),"World Bank Pink Sheet: Coal, Australian",World Bank Pink Sheet: Brent × 7.35 energy proxy,"Raw USD/INR daily close, weekly last observation",Prototype default; replace with AIS/port feed
2019-11-15,Freight-market proxy → East Coast India planning,13.235999999999999,1323.6,471.821,64.19333333333334,66.62666666666667,71.81,1.8,2400.0,1.0,Statistics Finland sea-freight price index (proxy),"World Bank Pink Sheet: Coal, Australian",World Bank Pink Sheet: Brent × 7.35 energy proxy,"Raw USD/INR daily close, weekly last observation",Prototype default; replace with AIS/port feed
2019-11-22,Freight-market proxy → East Coast India planning,12.214,1221.4,477.30899999999997,64.94,66.44,71.738,1.8,2400.0,1.0,Statistics Finland sea-freight price index (proxy),"World Bank Pink Sheet: Coal, Australian",World Bank Pink Sheet: Brent × 7.35 energy proxy,"Raw USD/INR daily close, weekly last observation",Prototype default; replace with AIS/port feed
2019-11-29,Freight-market proxy → East Coast India planning,11.192,1119.2,482.79699999999997,65.68666666666667,66.25333333333333,71.73,1.8,2400.0,1.0,Statistics Finland sea-freight price index (proxy),"World Bank Pink Sheet: Coal, Australian",World Bank Pink Sheet: Brent × 7.35 energy proxy,"Raw USD/INR daily close, weekly last observation",Prototype default; replace with AIS/port feed
2019-12-06,Freight-market proxy → East Coast India planning,9.92741935483871,992.741935483871,481.6383870967742,65.52903225806452,66.76451612903226,71.34,1.8,2400.0,1.0,Statistics Finland sea-freight price index (proxy),"World Bank Pink Sheet: Coal, Australian",World Bank Pink Sheet: Brent × 7.35 energy proxy,"Raw USD/INR daily close, weekly last observation",Prototype default; replace with AIS/port feed
2019-12-13,Freight-market proxy → East Coast India planning,8.565806451612904,856.5806451612904,477.82112903225806,65.00967741935484,67.55483870967743,70.8,1.8,2400.0,1.0,Statistics Finland sea-freight price index (proxy),"World Bank Pink Sheet: Coal, Australian",World Bank Pink Sheet: Brent × 7.35 energy proxy,"Raw USD/INR daily close, weekly last observation",Prototype default; replace with AIS/port feed
2019-12-20,Freight-market proxy → East Coast India planning,7.204193548387097,720.4193548387096,474.003870967742,64.49032258064517,68.34516129032258,71.091,1.8,2400.0,1.0,Statistics Finland sea-freight price index (proxy),"World Bank Pink Sheet: Coal, Australian",World Bank Pink Sheet: Brent × 7.35 energy proxy,"Raw USD/INR daily close, weekly last observation",Prototype default; replace with AIS/port feed
2019-12-27,Freight-market proxy → East Coast India planning,5.8425806451612905,584.258064516129,470.1866129032258,63.97096774193549,69.13548387096775,71.387,1.8,2400.0,1.0,Statistics Finland sea-freight price index (proxy),"World Bank Pink Sheet: Coal, Australian",World Bank Pink Sheet: Brent × 7.35 energy proxy,"Raw USD/INR daily close, weekly last observation",Prototype default; replace with AIS/port feed
2020-01-03,Freight-market proxy → East Coast India planning,4.900967741935484,490.0967741935484,463.38193548387096,63.04516129032258,69.56451612903226,71.7957,1.8,2400.0,1.0,Statistics Finland sea-freight price index (proxy),"World Bank Pink Sheet: Coal, Australian",World Bank Pink Sheet: Brent × 7.35 energy proxy,"Raw USD/INR daily close, weekly last observation",Prototype default; replace with AIS/port feed
2020-01-10,Freight-market proxy → East Coast India planning,5.009354838709678,500.93548387096774,449.1087096774193,61.10322580645161,69.09032258064516,70.9425,1.8,2400.0,1.0,Statistics Finland sea-freight price index (proxy),"World Bank Pink Sheet: Coal, Australian",World Bank Pink Sheet: Brent × 7.35 energy proxy,"Raw USD/INR daily close, weekly last observation",Prototype default; replace with AIS/port feed
2020-01-17,Freight-market proxy → East Coast India planning,5.1177419354838705,511.7741935483871,434.8354838709677,59.16129032258065,68.61612903225806,71.09,1.8,2400.0,1.0,Statistics Finland sea-freight price index (proxy),"World Bank Pink Sheet: Coal, Australian",World Bank Pink Sheet: Brent × 7.35 energy proxy,"Raw USD/INR daily close, weekly last observation",Prototype default; replace with AIS/port feed
2020-01-24,Freight-market proxy → East Coast India planning,5.226129032258065,522.6129032258065,420.56225806451613,57.21935483870968,68.14193548387097,71.325,1.8,2400.0,1.0,Statistics Finland sea-freight price index (proxy),"World Bank Pink Sheet: Coal, Australian",World Bank Pink Sheet: Brent × 7.35 energy proxy,"Raw USD/INR daily close, weekly last observation",Prototype default; replace with AIS/port feed
2020-01-31,Freight-market proxy → East Coast India planning,5.3345161290322585,533.4516129032259,406.2890322580645,55.277419354838706,67.66774193548386,71.35,1.8,2400.0,1.0,Statistics Finland sea-freight price index (proxy),"World Bank Pink Sheet: Coal, Australian",World Bank Pink Sheet: Brent × 7.35 energy proxy,"Raw USD/INR daily close, weekly last observation",Prototype default; replace with AIS/port feed
2020-02-07,Freight-market proxy → East Coast India planning,5.538275862068965,553.8275862068965,370.7948275862069,50.44827586206897,67.41379310344827,71.4125,1.8,2400.0,1.0,Statistics Finland sea-freight price index (proxy),"World Bank Pink Sheet: Coal, Australian",World Bank Pink Sheet: Brent × 7.35 energy proxy,"Raw USD/INR daily close, weekly last observation",Prototype default; replace with AIS/port feed
2020-02-14,Freight-market proxy → East Coast India planning,5.757931034482758,575.7931034482758,331.7637931034482,45.137931034482754,67.19655172413793,71.37,1.8,2400.0,1.0,Statistics Finland sea-freight price index (proxy),"World Bank Pink Sheet: Coal, Australian",World Bank Pink Sheet: Brent × 7.35 energy proxy,"Raw USD/INR daily close, weekly last observation",Prototype default; replace with AIS/port feed
2020-02-21,Freight-market proxy → East Coast India planning,5.977586206896551,597.7586206896551,292.7327586206896,39.82758620689655,66.97931034482758,71.6175,1.8,2400.0,1.0,Statistics Finland sea-freight price index (proxy),"World Bank Pink Sheet: Coal, Australian",World Bank Pink Sheet: Brent × 7.35 energy proxy,"Raw USD/INR daily close, weekly last observation",Prototype default; replace with AIS/port feed
2020-02-28,Freight-market proxy → East Coast India planning,6.197241379310344,619.7241379310344,253.701724137931,34.51724137931034,66.76206896551724,72.157,1.8,2400.0,1.0,Statistics Finland sea-freight price index (proxy),"World Bank Pink Sheet: Coal, Australian",World Bank Pink Sheet: Brent × 7.35 energy proxy,"Raw USD/INR daily close, weekly last observation",Prototype default; replace with AIS/port feed
2020-03-06,Freight-market proxy → East Coast India planning,6.274516129032259,627.4516129032259,231.0508064516129,31.435483870967744,65.39354838709677,73.725,1.8,2400.0,1.0,Statistics Finland sea-freight price index (proxy),"World Bank Pink Sheet: Coal, Australian",World Bank Pink Sheet: Brent × 7.35 energy proxy,"Raw USD/INR daily close, weekly last observation",Prototype default; replace with AIS/port feed
2020-03-13,Freight-market proxy → East Coast India planning,6.294838709677419,629.483870967742,214.95193548387095,29.24516129032258,63.56451612903226,73.99,1.8,2400.0,1.0,Statistics Finland sea-freight price index (proxy),"World Bank Pink Sheet: Coal, Australian",World Bank Pink Sheet: Brent × 7.35 energy proxy,"Raw USD/INR daily close, weekly last observation",Prototype default; replace with AIS/port feed
2020-03-20,Freight-market proxy → East Coast India planning,6.315161290322581,631.516129032258,198.85306451612902,27.05483870967742,61.73548387096774,75.1125,1.8,2400.0,1.0,Statistics Finland sea-freight price index (proxy),"World Bank Pink Sheet: Coal, Australian",World Bank Pink Sheet: Brent × 7.35 energy proxy,"Raw USD/INR daily close, weekly last observation",Prototype default; replace with AIS/port feed
2020-03-27,Freight-market proxy → East Coast India planning,6.3354838709677415,633.5483870967741,182.7541935483871,24.864516129032257,59.906451612903226,74.795,1.8,2400.0,1.0,Statistics Finland sea-freight price index (proxy),"World Bank Pink Sheet: Coal, Australian",World Bank Pink Sheet: Brent × 7.35 energy proxy,"Raw USD/INR daily close, weekly last observation",Prototype default; replace with AIS/port feed
2020-04-03,Freight-market proxy → East Coast India planning,6.262666666666666,626.2666666666667,175.028,23.813333333333333,58.193333333333335,76.15,1.8,2400.0,1.0,Statistics Finland sea-freight price index (proxy),"World Bank Pink Sheet: Coal, Australian",World Bank Pink Sheet: Brent × 7.35 energy proxy,"Raw USD/INR daily close, weekly last observation",Prototype default; replace with AIS/port feed
2020-04-10,Freight-market proxy → East Coast India planning,5.957000000000001,595.7,188.2335,25.61,56.77,76.296,1.8,2400.0,1.0,Statistics Finland sea-freight price index (proxy),"World Bank Pink Sheet: Coal, Australian",World Bank Pink Sheet: Brent × 7.35 energy proxy,"Raw USD/INR daily close, weekly last observation",Prototype default; replace with AIS/port feed
2020-04-17,Freight-market proxy → East Coast India planning,5.6513333333333335,565.1333333333333,201.439,27.406666666666666,55.346666666666664,76.459,1.8,2400.0,1.0,Statistics Finland sea-freight price index (proxy),"World Bank Pink Sheet: Coal, Australian",World Bank Pink Sheet: Brent × 7.35 energy proxy,"Raw USD/INR daily close, weekly last observation",Prototype default; replace with AIS/port feed
2020-04-24,Freight-market proxy → East Coast India planning,5.345666666666667,534.5666666666667,214.6445,29.203333333333333,53.92333333333333,76.35,1.8,2400.0,1.0,Statistics Finland sea-freight price index (proxy),"World Bank Pink Sheet: Coal, Australian",World Bank Pink Sheet: Brent × 7.35 energy proxy,"Raw USD/INR daily close, weekly last observation",Prototype default; replace with AIS/port feed
2020-05-01,Freight-market proxy → East Coast India planning,5.04,504.0,227.85,31.0,52.5,75.778,1.8,2400.0,1.0,Statistics Finland sea-freight price index (proxy),"World Bank Pink Sheet: Coal, Australian",World Bank Pink Sheet: Brent × 7.35 energy proxy,"Raw USD/INR daily close, weekly last observation",Prototype default; replace with AIS/port feed
2020-05-08,Freight-market proxy → East Coast India planning,7.964193548387097,796.4193548387098,242.62112903225804,33.00967741935484,52.43225806451613,75.584,1.8,2400.0,1.0,Statistics Finland sea-freight price index (proxy),"World Bank Pink Sheet: Coal, Australian",World Bank Pink Sheet: Brent × 7.35 energy proxy,"Raw USD/INR daily close, weekly last observation",Prototype default; replace with AIS/port feed
2020-05-15,Freight-market proxy → East Coast India planning,10.888387096774196,1088.8387096774195,257.3922580645161,35.019354838709674,52.36451612903226,75.6177,1.8,2400.0,1.0,Statistics Finland sea-freight price index (proxy),"World Bank Pink Sheet: Coal, Australian",World Bank Pink Sheet: Brent × 7.35 energy proxy,"Raw USD/INR daily close, weekly last observation",Prototype default; replace with AIS/port feed
2020-05-22,Freight-market proxy → East Coast India planning,13.81258064516129,1381.258064516129,272.1633870967742,37.02903225806452,52.29677419354839,75.997,1.8,2400.0,1.0,Statistics Finland sea-freight price index (proxy),"World Bank Pink Sheet: Coal, Australian",World Bank Pink Sheet: Brent × 7.35 energy proxy,"Raw USD/INR daily close, weekly last observation",Prototype default; replace with AIS/port feed
2020-05-29,Freight-market proxy → East Coast India planning,16.73677419354839,1673.6774193548388,286.93451612903226,39.038709677419355,52.22903225806452,75.514,1.8,2400.0,1.0,Statistics Finland sea-freight price index (proxy),"World Bank Pink Sheet: Coal, Australian",World Bank Pink Sheet: Brent × 7.35 energy proxy,"Raw USD/INR daily close, weekly last observation",Prototype default; replace with AIS/port feed
2020-06-05,Freight-market proxy → East Coast India planning,17.391333333333336,1739.1333333333334,296.10699999999997,40.28666666666666,52.120000000000005,75.5665,1.8,2400.0,1.0,Statistics Finland sea-freight price index (proxy),"World Bank Pink Sheet: Coal, Australian",World Bank Pink Sheet: Brent × 7.35 energy proxy,"Raw USD/INR daily close, weekly last observation",Prototype default; replace with AIS/port feed
2020-06-12,Freight-market proxy → East Coast India planning,16.343666666666667,1634.3666666666668,301.0805,40.96333333333333,51.980000000000004,75.7872,1.8,2400.0,1.0,Statistics Finland sea-freight price index (proxy),"World Bank Pink Sheet: Coal, Australian",World Bank Pink Sheet: Brent × 7.35 energy proxy,"Raw USD/INR daily close, weekly last observation",Prototype default; replace with AIS/port feed
2020-06-19,Freight-market proxy → East Coast India planning,15.296,1529.6,306.054,41.64,51.84,76.1264,1.8,2400.0,1.0,Statistics Finland sea-freight price index (proxy),"World Bank Pink Sheet: Coal, Australian",World Bank Pink Sheet: Brent × 7.35 energy proxy,"Raw USD/INR daily close, weekly last observation",Prototype default; replace with AIS/port feed
2020-06-26,Freight-market proxy → East Coast India planning,14.248333333333333,1424.8333333333333,311.0275,42.31666666666666,51.7,75.574,1.8,2400.0,1.0,Statistics Finland sea-freight price index (proxy),"World Bank Pink Sheet: Coal, Australian",World Bank Pink Sheet: Brent × 7.35 energy proxy,"Raw USD/INR daily close, weekly last observation",Prototype default; replace with AIS/port feed
2020-07-03,Freight-market proxy → East Coast India planning,13.589032258064517,1358.9032258064517,315.2912903225806,42.89677419354838,51.50322580645162,74.6692,1.8,2400.0,1.0,Statistics Finland sea-freight price index (proxy),"World Bank Pink Sheet: Coal, Australian",World Bank Pink Sheet: Brent × 7.35 energy proxy,"Raw USD/INR daily close, weekly last observation",Prototype default; replace with AIS/port feed
2020-07-10,Freight-market proxy → East Coast India planning,13.900645161290322,1390.0645161290322,317.7808064516129,43.23548387096774,51.16451612903226,75.2229,1.8,2400.0,1.0,Statistics Finland sea-freight price index (proxy),"World Bank Pink Sheet: Coal, Australian",World Bank Pink Sheet: Brent × 7.35 energy proxy,"Raw USD/INR daily close, weekly last observation",Prototype default; replace with AIS/port feed
2020-07-17,Freight-market proxy → East Coast India planning,14.21225806451613,1421.225806451613,320.27032258064514,43.57419354838709,50.825806451612905,74.9467,1.8,2400.0,1.0,Statistics Finland sea-freight price index (proxy),"World Bank Pink Sheet: Coal, Australian",World Bank Pink Sheet: Brent × 7.35 energy proxy,"Raw USD/INR daily close, weekly last observation",Prototype default; replace with AIS/port feed
2020-07-24,Freight-market proxy → East Coast India planning,14.523870967741937,1452.3870967741937,322.75983870967735,43.912903225806446,50.48709677419355,74.8252,1.8,2400.0,1.0,Statistics Finland sea-freight price index (proxy),"World Bank Pink Sheet: Coal, Australian",World Bank Pink Sheet: Brent × 7.35 energy proxy,"Raw USD/INR daily close, weekly last observation",Prototype default; replace with AIS/port feed
2020-07-31,Freight-market proxy → East Coast India planning,14.835483870967742,1483.5483870967741,325.2493548387097,44.251612903225805,50.148387096774194,74.789,1.8,2400.0,1.0,Statistics Finland sea-freight price index (proxy),"World Bank Pink Sheet: Coal, Australian",World Bank Pink Sheet: Brent × 7.35 energy proxy,"Raw USD/INR daily close, weekly last observation",Prototype default; replace with AIS/port feed
2020-08-07,Freight-market proxy → East Coast India planning,15.338709677419354,1533.8709677419354,321.0527419354838,43.68064516129032,50.97096774193548,74.9125,1.8,2400.0,1.0,Statistics Finland sea-freight price index (proxy),"World Bank Pink Sheet: Coal, Australian",World Bank Pink Sheet: Brent × 7.35 energy proxy,"Raw USD/INR daily close, weekly last observation",Prototype default; replace with AIS/port feed
2020-08-14,Freight-market proxy → East Coast India planning,15.873870967741937,1587.3870967741937,315.74177419354834,42.95806451612903,51.98709677419355,74.891,1.8,2400.0,1.0,Statistics Finland sea-freight price index (proxy),"World Bank Pink Sheet: Coal, Australian",World Bank Pink Sheet: Brent × 7.35 energy proxy,"Raw USD/INR daily close, weekly last observation",Prototype default; replace with AIS/port feed
2020-08-21,Freight-market proxy → East Coast India planning,16.409032258064517,1640.9032258064517,310.43080645161285,42.23548387096774,53.00322580645162,74.911,1.8,2400.0,1.0,Statistics Finland sea-freight price index (proxy),"World Bank Pink Sheet: Coal, Australian",World Bank Pink Sheet: Brent × 7.35 energy proxy,"Raw USD/INR daily close, weekly last observation",Prototype default; replace with AIS/port feed
2020-08-28,Freight-market proxy → East Coast India planning,16.944193548387098,1694.4193548387098,305.1198387096774,41.512903225806454,54.01935483870968,73.2824,1.8,2400.0,1.0,Statistics Finland sea-freight price index (proxy),"World Bank Pink Sheet: Coal, Australian",World Bank Pink Sheet: Brent × 7.35 energy proxy,"Raw USD/INR daily close, weekly last observation",Prototype default; replace with AIS/port feed
2020-09-04,Freight-market proxy → East Coast India planning,16.808,1680.8,301.644,41.04,54.980000000000004,73.117,1.8,2400.0,1.0,Statistics Finland sea-freight price index (proxy),"World Bank Pink Sheet: Coal, Australian",World Bank Pink Sheet: Brent × 7.35 energy proxy,"Raw USD/INR daily close, weekly last observation",Prototype default; replace with AIS/port feed
2020-09-11,Freight-market proxy → East Coast India planning,15.776666666666667,1577.6666666666667,300.61499999999995,40.9,55.86666666666667,73.54,1.8,2400.0,1.0,Statistics Finland sea-freight price index (proxy),"World Bank Pink Sheet: Coal, Australian",World Bank Pink Sheet: Brent × 7.35 energy proxy,"Raw USD/INR daily close, weekly last observation",Prototype default; replace with AIS/port feed
2020-09-18,Freight-market proxy → East Coast India planning,14.745333333333333,1474.5333333333333,299.58599999999996,40.76,56.75333333333333,73.419,1.8,2400.0,1.0,Statistics Finland sea-freight price index (proxy),"World Bank Pink Sheet: Coal, Australian",World Bank Pink Sheet: Brent × 7.35 energy proxy,"Raw USD/INR daily close, weekly last observation",Prototype default; replace with AIS/port feed
2020-09-25,Freight-market proxy → East Coast India planning,13.713999999999999,1371.3999999999999,298.55699999999996,40.62,57.64,73.679,1.8,2400.0,1.0,Statistics Finland sea-freight price index (proxy),"World Bank Pink Sheet: Coal, Australian",World Bank Pink Sheet: Brent × 7.35 energy proxy,"Raw USD/INR daily close, weekly last observation",Prototype default; replace with AIS/port feed
2020-10-02,Freight-market proxy → East Coast India planning,12.811935483870968,1281.1935483870968,298.3151612903226,40.58709677419355,58.593548387096774,73.1702,1.8,2400.0,1.0,Statistics Finland sea-freight price index (proxy),"World Bank Pink Sheet: Coal, Australian",World Bank Pink Sheet: Brent × 7.35 energy proxy,"Raw USD/INR daily close, weekly last observation",Prototype default; replace with AIS/port feed
2020-10-09,Freight-market proxy → East Coast India planning,12.685483870967742,1268.5483870967741,302.7962903225806,41.196774193548386,59.94838709677419,73.14,1.8,2400.0,1.0,Statistics Finland sea-freight price index (proxy),"World Bank Pink Sheet: Coal, Australian",World Bank Pink Sheet: Brent × 7.35 energy proxy,"Raw USD/INR daily close, weekly last observation",Prototype default; replace with AIS/port feed
2020-10-16,Freight-market proxy → East Coast India planning,12.559032258064518,1255.9032258064517,307.2774193548387,41.806451612903224,61.303225806451614,73.3092,1.8,2400.0,1.0,Statistics Finland sea-freight price index (proxy),"World Bank Pink Sheet: Coal, Australian",World Bank Pink Sheet: Brent × 7.35 energy proxy,"Raw USD/INR daily close, weekly last observation",Prototype default; replace with AIS/port feed
2020-10-23,Freight-market proxy → East Coast India planning,12.43258064516129,1243.258064516129,311.7585483870968,42.41612903225807,62.65806451612904,73.636,1.8,2400.0,1.0,Statistics Finland sea-freight price index (proxy),"World Bank Pink Sheet: Coal, Australian",World Bank Pink Sheet: Brent × 7.35 energy proxy,"Raw USD/INR daily close, weekly last observation",Prototype default; replace with AIS/port feed
2020-10-30,Freight-market proxy → East Coast India planning,12.306129032258063,1230.6129032258063,316.23967741935485,43.02580645161291,64.01290322580645,74.455,1.8,2400.0,1.0,Statistics Finland sea-freight price index (proxy),"World Bank Pink Sheet: Coal, Australian",World Bank Pink Sheet: Brent × 7.35 energy proxy,"Raw USD/INR daily close, weekly last observation",Prototype default; replace with AIS/port feed
2020-11-06,Freight-market proxy → East Coast India planning,12.501666666666667,1250.1666666666667,325.7275,44.31666666666667,67.5,74.1249,1.8,2400.0,1.0,Statistics Finland sea-freight price index (proxy),"World Bank Pink Sheet: Coal, Australian",World Bank Pink Sheet: Brent × 7.35 energy proxy,"Raw USD/INR daily close, weekly last observation",Prototype default; replace with AIS/port feed
2020-11-13,Freight-market proxy → East Coast India planning,12.825999999999999,1282.6,337.218,45.88,71.84,74.5486,1.8,2400.0,1.0,Statistics Finland sea-freight price index (proxy),"World Bank Pink Sheet: Coal, Australian",World Bank Pink Sheet: Brent × 7.35 energy proxy,"Raw USD/INR daily close, weekly last observation",Prototype default; replace with AIS/port feed
2020-11-20,Freight-market proxy → East Coast India planning,13.150333333333332,1315.0333333333333,348.7085,47.443333333333335,76.18,74.123,1.8,2400.0,1.0,Statistics Finland sea-freight price index (proxy),"World Bank Pink Sheet: Coal, Australian",World Bank Pink Sheet: Brent × 7.35 energy proxy,"Raw USD/INR daily close, weekly last observation",Prototype default; replace with AIS/port feed
2020-11-27,Freight-market proxy → East Coast India planning,13.474666666666668,1347.4666666666667,360.199,49.00666666666667,80.52,73.9622,1.8,2400.0,1.0,Statistics Finland sea-freight price index (proxy),"World Bank Pink Sheet: Coal, Australian",World Bank Pink Sheet: Brent × 7.35 energy proxy,"Raw USD/INR daily close, weekly last observation",Prototype default; replace with AIS/port feed
2020-12-04,Freight-market proxy → East Coast India planning,13.743225806451612,1374.3225806451612,370.108064516129,50.354838709677416,83.36774193548388,73.6704,1.8,2400.0,1.0,Statistics Finland sea-freight price index (proxy),"World Bank Pink Sheet: Coal, Australian",World Bank Pink Sheet: Brent × 7.35 energy proxy,"Raw USD/INR daily close, weekly last observation",Prototype default; replace with AIS/port feed
2020-12-11,Freight-market proxy → East Coast India planning,13.93741935483871,1393.741935483871,377.90854838709674,51.41612903225806,84.2258064516129,73.704,1.8,2400.0,1.0,Statistics Finland sea-freight price index (proxy),"World Bank Pink Sheet: Coal, Australian",World Bank Pink Sheet: Brent × 7.35 energy proxy,"Raw USD/INR daily close, weekly last observation",Prototype default; replace with AIS/port feed
2020-12-18,Freight-market proxy → East Coast India planning,14.131612903225808,1413.1612903225807,385.7090322580645,52.47741935483871,85.08387096774193,73.525,1.8,2400.0,1.0,Statistics Finland sea-freight price index (proxy),"World Bank Pink Sheet: Coal, Australian",World Bank Pink Sheet: Brent × 7.35 energy proxy,"Raw USD/INR daily close, weekly last observation",Prototype default; replace with AIS/port feed
2020-12-25,Freight-market proxy → East Coast India planning,14.325806451612902,1432.5806451612902,393.50951612903225,53.538709677419355,85.94193548387096,73.515,1.8,2400.0,1.0,Statistics Finland sea-freight price index (proxy),"World Bank Pink Sheet: Coal, Australian",World Bank Pink Sheet: Brent × 7.35 energy proxy,"Raw USD/INR daily close, weekly last observation",Prototype default; replace with AIS/port feed
2021-01-01,Freight-market proxy → East Coast India planning,14.52,1452.0,401.31,54.6,86.8,73.023,1.8,2400.0,1.0,Statistics Finland sea-freight price index (proxy),"World Bank Pink Sheet: Coal, Australian",World Bank Pink Sheet: Brent × 7.35 energy proxy,"Raw USD/INR daily close, weekly last observation",Prototype default; replace with AIS/port feed
2021-01-08,Freight-market proxy → East Coast India planning,15.023548387096774,1502.3548387096773,413.5916129032258,56.270967741935486,86.77741935483871,73.2496,1.8,2400.0,1.0,Statistics Finland sea-freight price index (proxy),"World Bank Pink Sheet: Coal, Australian",World Bank Pink Sheet: Brent × 7.35 energy proxy,"Raw USD/INR daily close, weekly last observation",Prototype default; replace with AIS/port feed
2021-01-15,Freight-market proxy → East Coast India planning,15.527096774193549,1552.7096774193549,425.8732258064516,57.94193548387097,86.75483870967741,73.0522,1.8,2400.0,1.0,Statistics Finland sea-freight price index (proxy),"World Bank Pink Sheet: Coal, Australian",World Bank Pink Sheet: Brent × 7.35 energy proxy,"Raw USD/INR daily close, weekly last observation",Prototype default; replace with AIS/port feed
2021-01-22,Freight-market proxy → East Coast India planning,16.030645161290323,1603.0645161290322,438.15483870967745,59.612903225806456,86.73225806451613,72.943,1.8,2400.0,1.0,Statistics Finland sea-freight price index (proxy),"World Bank Pink Sheet: Coal, Australian",World Bank Pink Sheet: Brent × 7.35 energy proxy,"Raw USD/INR daily close, weekly last observation",Prototype default; replace with AIS/port feed
2021-01-29,Freight-market proxy → East Coast India planning,16.534193548387098,1653.4193548387098,450.43645161290317,61.28387096774193,86.70967741935485,72.9036,1.8,2400.0,1.0,Statistics Finland sea-freight price index (proxy),"World Bank Pink Sheet: Coal, Australian",World Bank Pink Sheet: Brent × 7.35 energy proxy,"Raw USD/INR daily close, weekly last observation",Prototype default; replace with AIS/port feed
2021-02-05,Freight-market proxy → East Coast India planning,17.28,1728.0,459.05999999999995,62.457142857142856,87.87142857142858,72.8864,1.8,2400.0,1.0,Statistics Finland sea-freight price index (proxy),"World Bank Pink Sheet: Coal, Australian",World Bank Pink Sheet: Brent × 7.35 energy proxy,"Raw USD/INR daily close, weekly last observation",Prototype default; replace with AIS/port feed
2021-02-12,Freight-market proxy → East Coast India planning,18.2075,1820.75,464.94,63.25714285714286,89.92142857142858,72.57,1.8,2400.0,1.0,Statistics Finland sea-freight price index (proxy),"World Bank Pink Sheet: Coal, Australian",World Bank Pink Sheet: Brent × 7.35 energy proxy,"Raw USD/INR daily close, weekly last observation",Prototype default; replace with AIS/port feed
2021-02-19,Freight-market proxy → East Coast India planning,19.135,1913.5,470.82000000000005,64.05714285714286,91.97142857142858,72.457,1.8,2400.0,1.0,Statistics Finland sea-freight price index (proxy),"World Bank Pink Sheet: Coal, Australian",World Bank Pink Sheet: Brent × 7.35 energy proxy,"Raw USD/INR daily close, weekly last observation",Prototype default; replace with AIS/port feed
2021-02-26,Freight-market proxy → East Coast India planning,20.0625,2006.25,476.7,64.85714285714286,94.02142857142857,73.738,1.8,2400.0,1.0,Statistics Finland sea-freight price index (proxy),"World Bank Pink Sheet: Coal, Australian",World Bank Pink Sheet: Brent × 7.35 energy proxy,"Raw USD/INR daily close, weekly last observation",Prototype default; replace with AIS/port feed
2021-03-05,Freight-market proxy → East Coast India planning,21.75935483870968,2175.935483870968,478.84064516129035,65.1483870967742,94.55161290322582,73.072,1.8,2400.0,1.0,Statistics Finland sea-freight price index (proxy),"World Bank Pink Sheet: Coal, Australian",World Bank Pink Sheet: Brent × 7.35 energy proxy,"Raw USD/INR daily close, weekly last observation",Prototype default; replace with AIS/port feed
2021-03-12,Freight-market proxy → East Coast India planning,24.033225806451615,2403.3225806451615,478.1767741935484,65.05806451612904,93.94193548387098,72.702,1.8,2400.0,1.0,Statistics Finland sea-freight price index (proxy),"World Bank Pink Sheet: Coal, Australian",World Bank Pink Sheet: Brent × 7.35 energy proxy,"Raw USD/INR daily close, weekly last observation",Prototype default; replace with AIS/port feed
2021-03-19,Freight-market proxy → East Coast India planning,26.307096774193546,2630.7096774193546,477.51290322580644,64.96774193548387,93.33225806451614,72.467,1.8,2400.0,1.0,Statistics Finland sea-freight price index (proxy),"World Bank Pink Sheet: Coal, Australian",World Bank Pink Sheet: Brent × 7.35 energy proxy,"Raw USD/INR daily close, weekly last observation",Prototype default; replace with AIS/port feed
2021-03-26,Freight-market proxy → East Coast India planning,28.58096774193548,2858.0967741935483,476.8490322580645,64.87741935483871,92.72258064516129,72.48,1.8,2400.0,1.0,Statistics Finland sea-freight price index (proxy),"World Bank Pink Sheet: Coal, Australian",World Bank Pink Sheet: Brent × 7.35 energy proxy,"Raw USD/INR daily close, weekly last observation",Prototype default; replace with AIS/port feed
2021-04-02,Freight-market proxy → East Coast India planning,30.37766666666667,3037.766666666667,477.06399999999996,64.90666666666667,92.69333333333334,73.411,1.8,2400.0,1.0,Statistics Finland sea-freight price index (proxy),"World Bank Pink Sheet: Coal, Australian",World Bank Pink Sheet: Brent × 7.35 energy proxy,"Raw USD/INR daily close, weekly last observation",Prototype default; replace with AIS/port feed
2021-04-09,Freight-market proxy → East Coast India planning,29.311333333333334,2931.133333333333,482.552,65.65333333333334,96.14666666666668,74.761,1.8,2400.0,1.0,Statistics Finland sea-freight price index (proxy),"World Bank Pink Sheet: Coal, Australian",World Bank Pink Sheet: Brent × 7.35 energy proxy,"Raw USD/INR daily close, weekly last observation",Prototype default; replace with AIS/port feed
2021-04-16,Freight-market proxy → East Coast India planning,28.245,2824.5,488.0399999999999,66.39999999999999,99.60000000000001,74.3425,1.8,2400.0,1.0,Statistics Finland sea-freight price index (proxy),"World Bank Pink Sheet: Coal, Australian",World Bank Pink Sheet: Brent × 7.35 energy proxy,"Raw USD/INR daily close, weekly last observation",Prototype default; replace with AIS/port feed
2021-04-23,Freight-market proxy → East Coast India planning,27.17866666666667,2717.866666666667,493.52799999999996,67.14666666666666,103.05333333333334,75.0125,1.8,2400.0,1.0,Statistics Finland sea-freight price index (proxy),"World Bank Pink Sheet: Coal, Australian",World Bank Pink Sheet: Brent × 7.35 energy proxy,"Raw USD/INR daily close, weekly last observation",Prototype default; replace with AIS/port feed
2021-04-30,Freight-market proxy → East Coast India planning,26.112333333333336,2611.2333333333336,499.01599999999996,67.89333333333333,106.50666666666666,74.075,1.8,2400.0,1.0,Statistics Finland sea-freight price index (proxy),"World Bank Pink Sheet: Coal, Australian",World Bank Pink Sheet: Brent × 7.35 energy proxy,"Raw USD/INR daily close, weekly last observation",Prototype default; replace with AIS/port feed
2021-05-07,Freight-market proxy → East Coast India planning,27.483225806451614,2748.3225806451615,507.05516129032253,68.98709677419355,111.45161290322581,73.484,1.8,2400.0,1.0,Statistics Finland sea-freight price index (proxy),"World Bank Pink Sheet: Coal, Australian",World Bank Pink Sheet: Brent × 7.35 energy proxy,"Raw USD/INR daily close, weekly last observation",Prototype default; replace with AIS/port feed
2021-05-14,Freight-market proxy → East Coast India planning,29.260322580645163,2926.032258064516,515.5195161290322,70.13870967741936,116.64516129032258,73.274,1.8,2400.0,1.0,Statistics Finland sea-freight price index (proxy),"World Bank Pink Sheet: Coal, Australian",World Bank Pink Sheet: Brent × 7.35 energy proxy,"Raw USD/INR daily close, weekly last observation",Prototype default; replace with AIS/port feed
2021-05-21,Freight-market proxy → East Coast India planning,31.03741935483871,3103.741935483871,523.9838709677418,71.29032258064515,121.83870967741936,72.8325,1.8,2400.0,1.0,Statistics Finland sea-freight price index (proxy),"World Bank Pink Sheet: Coal, Australian",World Bank Pink Sheet: Brent × 7.35 energy proxy,"Raw USD/INR daily close, weekly last observation",Prototype default; replace with AIS/port feed
2021-05-28,Freight-market proxy → East Coast India planning,32.814516129032256,3281.451612903226,532.4482258064515,72.44193548387096,127.03225806451613,72.43,1.8,2400.0,1.0,Statistics Finland sea-freight price index (proxy),"World Bank Pink Sheet: Coal, Australian",World Bank Pink Sheet: Brent × 7.35 energy proxy,"Raw USD/INR daily close, weekly last observation",Prototype default; replace with AIS/port feed
2021-06-04,Freight-market proxy → East Coast India planning,33.739000000000004,3373.9,538.2404999999999,73.22999999999999,132.2,72.995,1.8,2400.0,1.0,Statistics Finland sea-freight price index (proxy),"World Bank Pink Sheet: Coal, Australian",World Bank Pink Sheet: Brent × 7.35 energy proxy,"Raw USD/INR daily close, weekly last observation",Prototype default; replace with AIS/port feed
2021-06-11,Freight-market proxy → East Coast India planning,33.526666666666664,3352.6666666666665,540.4699999999999,73.53333333333333,137.33333333333334,73.0725,1.8,2400.0,1.0,Statistics Finland sea-freight price index (proxy),"World Bank Pink Sheet: Coal, Australian",World Bank Pink Sheet: Brent × 7.35 energy proxy,"Raw USD/INR daily close, weekly last observation",Prototype default; replace with AIS/port feed
2021-06-18,Freight-market proxy → East Coast India planning,33.31433333333334,3331.4333333333334,542.6995000000001,73.83666666666667,142.46666666666667,73.855,1.8,2400.0,1.0,Statistics Finland sea-freight price index (proxy),"World Bank Pink Sheet: Coal, Australian",World Bank Pink Sheet: Brent × 7.35 energy proxy,"Raw USD/INR daily close, weekly last observation",Prototype default; replace with AIS/port feed
2021-06-25,Freight-market proxy → East Coast India planning,33.102,3310.2,544.929,74.14,147.6,74.164,1.8,2400.0,1.0,Statistics Finland sea-freight price index (proxy),"World Bank Pink Sheet: Coal, Australian",World Bank Pink Sheet: Brent × 7.35 energy proxy,"Raw USD/INR daily close, weekly last observation",Prototype default; replace with AIS/port feed
2021-07-02,Freight-market proxy → East Coast India planning,33.19096774193548,3319.0967741935483,545.7967741935485,74.25806451612904,152.56774193548387,74.745,1.8,2400.0,1.0,Statistics Finland sea-freight price index (proxy),"World Bank Pink Sheet: Coal, Australian",World Bank Pink Sheet: Brent × 7.35 energy proxy,"Raw USD/INR daily close, weekly last observation",Prototype default; replace with AIS/port feed
2021-07-09,Freight-market proxy → East Coast India planning,35.087741935483876,3508.7741935483873,538.4941935483871,73.26451612903226,156.54193548387096,74.635,1.8,2400.0,1.0,Statistics Finland sea-freight price index (proxy),"World Bank Pink Sheet: Coal, Australian",World Bank Pink Sheet: Brent × 7.35 energy proxy,"Raw USD/INR daily close, weekly last observation",Prototype default; replace with AIS/port feed
2021-07-16,Freight-market proxy → East Coast India planning,36.98451612903226,3698.451612903226,531.1916129032259,72.2709677419355,160.51612903225805,74.56,1.8,2400.0,1.0,Statistics Finland sea-freight price index (proxy),"World Bank Pink Sheet: Coal, Australian",World Bank Pink Sheet: Brent × 7.35 energy proxy,"Raw USD/INR daily close, weekly last observation",Prototype default; replace with AIS/port feed
2021-07-23,Freight-market proxy → East Coast India planning,38.88129032258065,3888.1290322580644,523.8890322580645,71.27741935483871,164.49032258064517,74.4,1.8,2400.0,1.0,Statistics Finland sea-freight price index (proxy),"World Bank Pink Sheet: Coal, Australian",World Bank Pink Sheet: Brent × 7.35 energy proxy,"Raw USD/INR daily close, weekly last observation",Prototype default; replace with AIS/port feed
2021-07-30,Freight-market proxy → East Coast India planning,40.778064516129035,4077.8064516129034,516.5864516129031,70.28387096774193,168.46451612903226,74.41,1.8,2400.0,1.0,Statistics Finland sea-freight price index (proxy),"World Bank Pink Sheet: Coal, Australian",World Bank Pink Sheet: Brent × 7.35 energy proxy,"Raw USD/INR daily close, weekly last observation",Prototype default; replace with AIS/port feed
2021-08-06,Freight-market proxy → East Coast India planning,42.98935483870968,4298.935483870968,519.9532258064515,70.74193548387096,172.19677419354838,74.15,1.8,2400.0,1.0,Statistics Finland sea-freight price index (proxy),"World Bank Pink Sheet: Coal, Australian",World Bank Pink Sheet: Brent × 7.35 energy proxy,"Raw USD/INR daily close, weekly last observation",Prototype default; replace with AIS/port feed
2021-08-13,Freight-market proxy → East Coast India planning,45.32645161290323,4532.645161290323,527.5877419354839,71.78064516129032,175.8322580645161,74.24,1.8,2400.0,1.0,Statistics Finland sea-freight price index (proxy),"World Bank Pink Sheet: Coal, Australian",World Bank Pink Sheet: Brent × 7.35 energy proxy,"Raw USD/INR daily close, weekly last observation",Prototype default; replace with AIS/port feed
2021-08-20,Freight-market proxy → East Coast India planning,47.66354838709677,4766.354838709677,535.222258064516,72.81935483870967,179.46774193548387,74.3875,1.8,2400.0,1.0,Statistics Finland sea-freight price index (proxy),"World Bank Pink Sheet: Coal, Australian",World Bank Pink Sheet: Brent × 7.35 energy proxy,"Raw USD/INR daily close, weekly last observation",Prototype default; replace with AIS/port feed
2021-08-27,Freight-market proxy → East Coast India planning,50.00064516129032,5000.064516129032,542.8567741935484,73.85806451612903,183.1032258064516,73.659,1.8,2400.0,1.0,Statistics Finland sea-freight price index (proxy),"World Bank Pink Sheet: Coal, Australian",World Bank Pink Sheet: Brent × 7.35 energy proxy,"Raw USD/INR daily close, weekly last observation",Prototype default; replace with AIS/port feed
2021-09-03,Freight-market proxy → East Coast India planning,50.571333333333335,5057.133333333333,552.769,75.20666666666666,188.28666666666666,73.015,1.8,2400.0,1.0,Statistics Finland sea-freight price index (proxy),"World Bank Pink Sheet: Coal, Australian",World Bank Pink Sheet: Brent × 7.35 energy proxy,"Raw USD/INR daily close, weekly last observation",Prototype default; replace with AIS/port feed
2021-09-10,Freight-market proxy → East Coast India planning,46.726000000000006,4672.6,568.3755,77.33,197.34,73.496,1.8,2400.0,1.0,Statistics Finland sea-freight price index (proxy),"World Bank Pink Sheet: Coal, Australian",World Bank Pink Sheet: Brent × 7.35 energy proxy,"Raw USD/INR daily close, weekly last observation",Prototype default; replace with AIS/port feed
2021-09-17,Freight-market proxy → East Coast India planning,42.88066666666666,4288.066666666667,583.982,79.45333333333333,206.39333333333332,73.475,1.8,2400.0,1.0,Statistics Finland sea-freight price index (proxy),"World Bank Pink Sheet: Coal, Australian",World Bank Pink Sheet: Brent × 7.35 energy proxy,"Raw USD/INR daily close, weekly last observation",Prototype default; replace with AIS/port feed
2021-09-24,Freight-market proxy → East Coast India planning,39.035333333333334,3903.5333333333333,599.5885,81.57666666666667,215.44666666666666,73.685,1.8,2400.0,1.0,Statistics Finland sea-freight price index (proxy),"World Bank Pink Sheet: Coal, Australian",World Bank Pink Sheet: Brent × 7.35 energy proxy,"Raw USD/INR daily close, weekly last observation",Prototype default; replace with AIS/port feed
2021-10-01,Freight-market proxy → East Coast India planning,35.19,3519.0,615.1949999999999,83.7,224.5,74.129,1.8,2400.0,1.0,Statistics Finland sea-freight price index (proxy),"World Bank Pink Sheet: Coal, Australian",World Bank Pink Sheet: Brent × 7.35 energy proxy,"Raw USD/INR daily close, weekly last observation",Prototype default; replace with AIS/port feed
2021-10-08,Freight-market proxy → East Coast India planning,34.05870967741936,3405.8709677419356,610.381935483871,83.04516129032258,209.3709677419355,74.985,1.8,2400.0,1.0,Statistics Finland sea-freight price index (proxy),"World Bank Pink Sheet: Coal, Australian",World Bank Pink Sheet: Brent × 7.35 energy proxy,"Raw USD/INR daily close, weekly last observation",Prototype default; replace with AIS/port feed
2021-10-15,Freight-market proxy → East Coast India planning,32.927419354838705,3292.7419354838707,605.5688709677419,82.39032258064516,194.24193548387098,75.25,1.8,2400.0,1.0,Statistics Finland sea-freight price index (proxy),"World Bank Pink Sheet: Coal, Australian",World Bank Pink Sheet: Brent × 7.35 energy proxy,"Raw USD/INR daily close, weekly last observation",Prototype default; replace with AIS/port feed
2021-10-22,Freight-market proxy → East Coast India planning,31.796129032258065,3179.6129032258063,600.7558064516129,81.73548387096774,179.11290322580646,74.9,1.8,2400.0,1.0,Statistics Finland sea-freight price index (proxy),"World Bank Pink Sheet: Coal, Australian",World Bank Pink Sheet: Brent × 7.35 energy proxy,"Raw USD/INR daily close, weekly last observation",Prototype default; replace with AIS/port feed
2021-10-29,Freight-market proxy → East Coast India planning,30.66483870967742,3066.483870967742,595.9427419354838,81.08064516129032,163.98387096774195,74.9,1.8,2400.0,1.0,Statistics Finland sea-freight price index (proxy),"World Bank Pink Sheet: Coal, Australian",World Bank Pink Sheet: Brent × 7.35 energy proxy,"Raw USD/INR daily close, weekly last observation",Prototype default; replace with AIS/port feed
2021-11-05,Freight-market proxy → East Coast India planning,29.112,2911.2,587.51,79.93333333333334,159.12666666666667,74.48,1.8,2400.0,1.0,Statistics Finland sea-freight price index (proxy),"World Bank Pink Sheet: Coal, Australian",World Bank Pink Sheet: Brent × 7.35 energy proxy,"Raw USD/INR daily close, weekly last observation",Prototype default; replace with AIS/port feed
2021-11-12,Freight-market proxy → East Coast India planning,27.243000000000002,2724.3,576.3625,78.41666666666666,161.97333333333333,74.463,1.8,2400.0,1.0,Statistics Finland sea-freight price index (proxy),"World Bank Pink Sheet: Coal, Australian",World Bank Pink Sheet: Brent × 7.35 energy proxy,"Raw USD/INR daily close, weekly last observation",Prototype default; replace with AIS/port feed
2021-11-19,Freight-market proxy → East Coast India planning,25.374000000000002,2537.4,565.2149999999999,76.89999999999999,164.82,74.296,1.8,2400.0,1.0,Statistics Finland sea-freight price index (proxy),"World Bank Pink Sheet: Coal, Australian",World Bank Pink Sheet: Brent × 7.35 energy proxy,"Raw USD/INR daily close, weekly last observation",Prototype default; replace with AIS/port feed
2021-11-26,Freight-market proxy → East Coast India planning,23.505,2350.5,554.0674999999999,75.38333333333333,167.66666666666666,74.879,1.8,2400.0,1.0,Statistics Finland sea-freight price index (proxy),"World Bank Pink Sheet: Coal, Australian",World Bank Pink Sheet: Brent × 7.35 energy proxy,"Raw USD/INR daily close, weekly last observation",Prototype default; replace with AIS/port feed
2021-12-03,Freight-market proxy → East Coast India planning,21.65451612903226,2165.451612903226,551.4159677419354,75.02258064516128,171.46129032258062,75.114,1.8,2400.0,1.0,Statistics Finland sea-freight price index (proxy),"World Bank Pink Sheet: Coal, Australian",World Bank Pink Sheet: Brent × 7.35 energy proxy,"Raw USD/INR daily close, weekly last observation",Prototype default; replace with AIS/port feed
2021-12-10,Freight-market proxy → East Coast India planning,19.850322580645162,1985.032258064516,570.0043548387097,77.5516129032258,177.6258064516129,75.692,1.8,2400.0,1.0,Statistics Finland sea-freight price index (proxy),"World Bank Pink Sheet: Coal, Australian",World Bank Pink Sheet: Brent × 7.35 energy proxy,"Raw USD/INR daily close, weekly last observation",Prototype default; replace with AIS/port feed
2021-12-17,Freight-market proxy → East Coast India planning,18.046129032258065,1804.6129032258063,588.5927419354838,80.08064516129032,183.79032258064515,75.999,1.8,2400.0,1.0,Statistics Finland sea-freight price index (proxy),"World Bank Pink Sheet: Coal, Australian",World Bank Pink Sheet: Brent × 7.35 energy proxy,"Raw USD/INR daily close, weekly last observation",Prototype default; replace with AIS/port feed
2021-12-24,Freight-market proxy → East Coast India planning,16.241935483870968,1624.1935483870968,607.181129032258,82.60967741935484,189.9548387096774,74.977,1.8,2400.0,1.0,Statistics Finland sea-freight price index (proxy),"World Bank Pink Sheet: Coal, Australian",World Bank Pink Sheet: Brent × 7.35 energy proxy,"Raw USD/INR daily close, weekly last observation",Prototype default; replace with AIS/port feed
2021-12-31,Freight-market proxy → East Coast India planning,14.43774193548387,1443.774193548387,625.7695161290322,85.13870967741936,196.11935483870968,74.293,1.8,2400.0,1.0,Statistics Finland sea-freight price index (proxy),"World Bank Pink Sheet: Coal, Australian",World Bank Pink Sheet: Brent × 7.35 energy proxy,"Raw USD/INR daily close, weekly last observation",Prototype default; replace with AIS/port feed
2022-01-07,Freight-market proxy → East Coast India planning,15.383870967741936,1538.3870967741937,643.0775806451613,87.49354838709678,201.41290322580645,74.29,1.8,2400.0,1.0,Statistics Finland sea-freight price index (proxy),"World Bank Pink Sheet: Coal, Australian",World Bank Pink Sheet: Brent × 7.35 energy proxy,"Raw USD/INR daily close, weekly last observation",Prototype default; replace with AIS/port feed
2022-01-14,Freight-market proxy → East Coast India planning,16.788387096774194,1678.8387096774193,660.1722580645161,89.81935483870967,206.56129032258065,74.1,1.8,2400.0,1.0,Statistics Finland sea-freight price index (proxy),"World Bank Pink Sheet: Coal, Australian",World Bank Pink Sheet: Brent × 7.35 energy proxy,"Raw USD/INR daily close, weekly last observation",Prototype default; replace with AIS/port feed
2022-01-21,Freight-market proxy → East Coast India planning,18.19290322580645,1819.2903225806451,677.266935483871,92.14516129032258,211.70967741935485,74.355,1.8,2400.0,1.0,Statistics Finland sea-freight price index (proxy),"World Bank Pink Sheet: Coal, Australian",World Bank Pink Sheet: Brent × 7.35 energy proxy,"Raw USD/INR daily close, weekly last observation",Prototype default; replace with AIS/port feed
2022-01-28,Freight-market proxy → East Coast India planning,19.59741935483871,1959.741935483871,694.3616129032257,94.47096774193548,216.85806451612905,75.089,1.8,2400.0,1.0,Statistics Finland sea-freight price index (proxy),"World Bank Pink Sheet: Coal, Australian",World Bank Pink Sheet: Brent × 7.35 energy proxy,"Raw USD/INR daily close, weekly last observation",Prototype default; replace with AIS/port feed
2022-02-04,Freight-market proxy → East Coast India planning,20.740714285714283,2074.0714285714284,719.7224999999999,97.92142857142856,229.89285714285714,74.664,1.8,2400.0,1.0,Statistics Finland sea-freight price index (proxy),"World Bank Pink Sheet: Coal, Australian",World Bank Pink Sheet: Brent × 7.35 energy proxy,"Raw USD/INR daily close, weekly last observation",Prototype default; replace with AIS/port feed
2022-02-11,Freight-market proxy → East Coast India planning,21.535714285714285,2153.5714285714284,756.1049999999999,102.87142857142857,253.44285714285715,75.3088,1.8,2400.0,1.0,Statistics Finland sea-freight price index (proxy),"World Bank Pink Sheet: Coal, Australian",World Bank Pink Sheet: Brent × 7.35 energy proxy,"Raw USD/INR daily close, weekly last observation",Prototype default; replace with AIS/port feed
2022-02-18,Freight-market proxy → East Coast India planning,22.330714285714283,2233.0714285714284,792.4875,107.82142857142857,276.99285714285713,74.613,1.8,2400.0,1.0,Statistics Finland sea-freight price index (proxy),"World Bank Pink Sheet: Coal, Australian",World Bank Pink Sheet: Brent × 7.35 energy proxy,"Raw USD/INR daily close, weekly last observation",Prototype default; replace with AIS/port feed
2022-02-25,Freight-market proxy → East Coast India planning,23.125714285714285,2312.5714285714284,828.87,112.77142857142857,300.54285714285714,75.359,1.8,2400.0,1.0,Statistics Finland sea-freight price index (proxy),"World Bank Pink Sheet: Coal, Australian",World Bank Pink Sheet: Brent × 7.35 energy proxy,"Raw USD/INR daily close, weekly last observation",Prototype default; replace with AIS/port feed
2022-03-04,Freight-market proxy → East Coast India planning,23.62451612903226,2362.451612903226,842.6893548387096,114.6516129032258,313.7,76.1676,1.8,2400.0,1.0,Statistics Finland sea-freight price index (proxy),"World Bank Pink Sheet: Coal, Australian",World Bank Pink Sheet: Brent × 7.35 energy proxy,"Raw USD/INR daily close, weekly last observation",Prototype default; replace with AIS/port feed
2022-03-11,Freight-market proxy → East Coast India planning,23.728387096774195,2372.8387096774195,826.4245161290322,112.43870967741935,313.0,76.6425,1.8,2400.0,1.0,Statistics Finland sea-freight price index (proxy),"World Bank Pink Sheet: Coal, Australian",World Bank Pink Sheet: Brent × 7.35 energy proxy,"Raw USD/INR daily close, weekly last observation",Prototype default; replace with AIS/port feed
2022-03-18,Freight-market proxy → East Coast India planning,23.832258064516125,2383.2258064516127,810.1596774193548,110.2258064516129,312.3,75.8175,1.8,2400.0,1.0,Statistics Finland sea-freight price index (proxy),"World Bank Pink Sheet: Coal, Australian",World Bank Pink Sheet: Brent × 7.35 energy proxy,"Raw USD/INR daily close, weekly last observation",Prototype default; replace with AIS/port feed
2022-03-25,Freight-market proxy → East Coast India planning,23.936129032258062,2393.6129032258063,793.8948387096774,108.01290322580645,311.59999999999997,76.21,1.8,2400.0,1.0,Statistics Finland sea-freight price index (proxy),"World Bank Pink Sheet: Coal, Australian",World Bank Pink Sheet: Brent × 7.35 energy proxy,"Raw USD/INR daily close, weekly last observation",Prototype default; replace with AIS/port feed
2022-04-01,Freight-market proxy → East Coast India planning,24.04,2404.0,777.63,105.8,310.9,75.9385,1.8,2400.0,1.0,Statistics Finland sea-freight price index (proxy),"World Bank Pink Sheet: Coal, Australian",World Bank Pink Sheet: Brent × 7.35 energy proxy,"Raw USD/INR daily close, weekly last observation",Prototype default; replace with AIS/port feed
2022-04-08,Freight-market proxy → East Coast India planning,24.418000000000003,2441.8,788.949,107.34,325.1333333333333,75.9162,1.8,2400.0,1.0,Statistics Finland sea-freight price index (proxy),"World Bank Pink Sheet: Coal, Australian",World Bank Pink Sheet: Brent × 7.35 energy proxy,"Raw USD/INR daily close, weekly last observation",Prototype default; replace with AIS/port feed
2022-04-15,Freight-market proxy → East Coast India planning,24.796,2479.6,800.2679999999999,108.88,339.3666666666666,76.1738,1.8,2400.0,1.0,Statistics Finland sea-freight price index (proxy),"World Bank Pink Sheet: Coal, Australian",World Bank Pink Sheet: Brent × 7.35 energy proxy,"Raw USD/INR daily close, weekly last observation",Prototype default; replace with AIS/port feed
2022-04-22,Freight-market proxy → East Coast India planning,25.174,2517.4,811.587,110.42,353.59999999999997,76.4762,1.8,2400.0,1.0,Statistics Finland sea-freight price index (proxy),"World Bank Pink Sheet: Coal, Australian",World Bank Pink Sheet: Brent × 7.35 energy proxy,"Raw USD/INR daily close, weekly last observation",Prototype default; replace with AIS/port feed
2022-04-29,Freight-market proxy → East Coast India planning,25.552,2555.2,822.9060000000001,111.96000000000001,367.8333333333333,76.4175,1.8,2400.0,1.0,Statistics Finland sea-freight price index (proxy),"World Bank Pink Sheet: Coal, Australian",World Bank Pink Sheet: Brent × 7.35 energy proxy,"Raw USD/INR daily close, weekly last observation",Prototype default; replace with AIS/port feed
2022-05-06,Freight-market proxy → East Coast India planning,25.1341935483871,2513.4193548387098,835.2682258064516,113.64193548387097,372.2548387096774,76.9338,1.8,2400.0,1.0,Statistics Finland sea-freight price index (proxy),"World Bank Pink Sheet: Coal, Australian",World Bank Pink Sheet: Brent × 7.35 energy proxy,"Raw USD/INR daily close, weekly last observation",Prototype default; replace with AIS/port feed
2022-05-13,Freight-market proxy → East Coast India planning,24.398064516129033,2439.8064516129034,848.0477419354838,115.38064516129032,372.7516129032258,77.4675,1.8,2400.0,1.0,Statistics Finland sea-freight price index (proxy),"World Bank Pink Sheet: Coal, Australian",World Bank Pink Sheet: Brent × 7.35 energy proxy,"Raw USD/INR daily close, weekly last observation",Prototype default; replace with AIS/port feed
2022-05-20,Freight-market proxy → East Coast India planning,23.661935483870966,2366.1935483870966,860.8272580645162,117.11935483870968,373.2483870967742,77.5462,1.8,2400.0,1.0,Statistics Finland sea-freight price index (proxy),"World Bank Pink Sheet: Coal, Australian",World Bank Pink Sheet: Brent × 7.35 energy proxy,"Raw USD/INR daily close, weekly last observation",Prototype default; replace with AIS/port feed
2022-05-27,Freight-market proxy → East Coast India planning,22.925806451612903,2292.5806451612902,873.6067741935484,118.85806451612903,373.7451612903226,77.5825,1.8,2400.0,1.0,Statistics Finland sea-freight price index (proxy),"World Bank Pink Sheet: Coal, Australian",World Bank Pink Sheet: Brent × 7.35 energy proxy,"Raw USD/INR daily close, weekly last observation",Prototype default; replace with AIS/port feed
2022-06-03,Freight-market proxy → East Coast India planning,22.17,2217.0,877.2469999999998,119.35333333333332,375.97333333333336,77.6375,1.8,2400.0,1.0,Statistics Finland sea-freight price index (proxy),"World Bank Pink Sheet: Coal, Australian",World Bank Pink Sheet: Brent × 7.35 energy proxy,"Raw USD/INR daily close, weekly last observation",Prototype default; replace with AIS/port feed
2022-06-10,Freight-market proxy → East Coast India planning,21.365,2136.5,858.0389999999999,116.74,382.53000000000003,77.8537,1.8,2400.0,1.0,Statistics Finland sea-freight price index (proxy),"World Bank Pink Sheet: Coal, Australian",World Bank Pink Sheet: Brent × 7.35 energy proxy,"Raw USD/INR daily close, weekly last observation",Prototype default; replace with AIS/port feed
2022-06-17,Freight-market proxy → East Coast India planning,20.56,2056.0,838.8309999999999,114.12666666666667,389.08666666666664,78.0825,1.8,2400.0,1.0,Statistics Finland sea-freight price index (proxy),"World Bank Pink Sheet: Coal, Australian",World Bank Pink Sheet: Brent × 7.35 energy proxy,"Raw USD/INR daily close, weekly last observation",Prototype default; replace with AIS/port feed
2022-06-24,Freight-market proxy → East Coast India planning,19.755,1975.5,819.6229999999999,111.51333333333334,395.6433333333333,78.3425,1.8,2400.0,1.0,Statistics Finland sea-freight price index (proxy),"World Bank Pink Sheet: Coal, Australian",World Bank Pink Sheet: Brent × 7.35 energy proxy,"Raw USD/INR daily close, weekly last observation",Prototype default; replace with AIS/port feed
2022-07-01,Freight-market proxy → East Coast India planning,18.95,1895.0,800.415,108.9,402.2,79.0325,1.8,2400.0,1.0,Statistics Finland sea-freight price index (proxy),"World Bank Pink Sheet: Coal, Australian",World Bank Pink Sheet: Brent × 7.35 energy proxy,"Raw USD/INR daily close, weekly last observation",Prototype default; replace with AIS/port feed
2022-07-08,Freight-market proxy → East Coast India planning,16.85,1685.0,783.3203225806451,106.5741935483871,403.2838709677419,79.2587,1.8,2400.0,1.0,Statistics Finland sea-freight price index (proxy),"World Bank Pink Sheet: Coal, Australian",World Bank Pink Sheet: Brent × 7.35 energy proxy,"Raw USD/INR daily close, weekly last observation",Prototype default; replace with AIS/port feed
2022-07-15,Freight-market proxy → East Coast India planning,14.75,1475.0,766.2256451612903,104.2483870967742,404.3677419354839,79.8655,1.8,2400.0,1.0,Statistics Finland sea-freight price index (proxy),"World Bank Pink Sheet: Coal, Australian",World Bank Pink Sheet: Brent × 7.35 energy proxy,"Raw USD/INR daily close, weekly last observation",Prototype default; replace with AIS/port feed
2022-07-22,Freight-market proxy → East Coast India planning,12.65,1265.0,749.1309677419355,101.92258064516129,405.4516129032258,79.8625,1.8,2400.0,1.0,Statistics Finland sea-freight price index (proxy),"World Bank Pink Sheet: Coal, Australian",World Bank Pink Sheet: Brent × 7.35 energy proxy,"Raw USD/INR daily close, weekly last observation",Prototype default; replace with AIS/port feed
2022-07-29,Freight-market proxy → East Coast India planning,10.55,1055.0,732.0362903225806,99.59677419354838,406.53548387096777,79.2655,1.8,2400.0,1.0,Statistics Finland sea-freight price index (proxy),"World Bank Pink Sheet: Coal, Australian",World Bank Pink Sheet: Brent × 7.35 energy proxy,"Raw USD/INR daily close, weekly last observation",Prototype default; replace with AIS/port feed
2022-08-05,Freight-market proxy → East Coast India planning,10.675806451612903,1067.5806451612902,716.7435483870968,97.51612903225806,410.0709677419355,79.2505,1.8,2400.0,1.0,Statistics Finland sea-freight price index (proxy),"World Bank Pink Sheet: Coal, Australian",World Bank Pink Sheet: Brent × 7.35 energy proxy,"Raw USD/INR daily close, weekly last observation",Prototype default; replace with AIS/port feed
2022-08-12,Freight-market proxy → East Coast India planning,12.470967741935484,1247.0967741935483,702.8022580645161,95.61935483870967,415.4451612903226,79.6605,1.8,2400.0,1.0,Statistics Finland sea-freight price index (proxy),"World Bank Pink Sheet: Coal, Australian",World Bank Pink Sheet: Brent × 7.35 energy proxy,"Raw USD/INR daily close, weekly last observation",Prototype default; replace with AIS/port feed
2022-08-19,Freight-market proxy → East Coast India planning,14.266129032258066,1426.6129032258066,688.8609677419354,93.72258064516129,420.81935483870967,79.7805,1.8,2400.0,1.0,Statistics Finland sea-freight price index (proxy),"World Bank Pink Sheet: Coal, Australian",World Bank Pink Sheet: Brent × 7.35 energy proxy,"Raw USD/INR daily close, weekly last observation",Prototype default; replace with AIS/port feed
2022-08-26,Freight-market proxy → East Coast India planning,16.061290322580646,1606.1290322580646,674.9196774193548,91.8258064516129,426.19354838709677,79.8705,1.8,2400.0,1.0,Statistics Finland sea-freight price index (proxy),"World Bank Pink Sheet: Coal, Australian",World Bank Pink Sheet: Brent × 7.35 energy proxy,"Raw USD/INR daily close, weekly last observation",Prototype default; replace with AIS/port feed
2022-09-02,Freight-market proxy → East Coast India planning,17.500999999999998,1750.1,663.6804999999999,90.29666666666667,429.43333333333334,79.8055,1.8,2400.0,1.0,Statistics Finland sea-freight price index (proxy),"World Bank Pink Sheet: Coal, Australian",World Bank Pink Sheet: Brent × 7.35 energy proxy,"Raw USD/INR daily close, weekly last observation",Prototype default; replace with AIS/port feed
2022-09-09,Freight-market proxy → East Coast India planning,16.808,1680.8,668.6539999999999,90.97333333333333,419.8666666666667,79.5555,1.8,2400.0,1.0,Statistics Finland sea-freight price index (proxy),"World Bank Pink Sheet: Coal, Australian",World Bank Pink Sheet: Brent × 7.35 energy proxy,"Raw USD/INR daily close, weekly last observation",Prototype default; replace with AIS/port feed
2022-09-16,Freight-market proxy → East Coast India planning,16.115,1611.5,673.6274999999999,91.64999999999999,410.3,79.7385,1.8,2400.0,1.0,Statistics Finland sea-freight price index (proxy),"World Bank Pink Sheet: Coal, Australian",World Bank Pink Sheet: Brent × 7.35 energy proxy,"Raw USD/INR daily close, weekly last observation",Prototype default; replace with AIS/port feed
2022-09-23,Freight-market proxy → East Coast India planning,15.422,1542.2,678.601,92.32666666666667,400.73333333333335,81.0335,1.8,2400.0,1.0,Statistics Finland sea-freight price index (proxy),"World Bank Pink Sheet: Coal, Australian",World Bank Pink Sheet: Brent × 7.35 energy proxy,"Raw USD/INR daily close, weekly last observation",Prototype default; replace with AIS/port feed
2022-09-30,Freight-market proxy → East Coast India planning,14.729000000000001,1472.9,683.5745,93.00333333333333,391.1666666666667,81.3455,1.8,2400.0,1.0,Statistics Finland sea-freight price index (proxy),"World Bank Pink Sheet: Coal, Australian",World Bank Pink Sheet: Brent × 7.35 energy proxy,"Raw USD/INR daily close, weekly last observation",Prototype default; replace with AIS/port feed
2022-10-07,Freight-market proxy → East Coast India planning,14.420967741935483,1442.0967741935483,681.4398387096774,92.71290322580644,380.5870967741936,82.3075,1.8,2400.0,1.0,Statistics Finland sea-freight price index (proxy),"World Bank Pink Sheet: Coal, Australian",World Bank Pink Sheet: Brent × 7.35 energy proxy,"Raw USD/INR daily close, weekly last observation",Prototype default; replace with AIS/port feed
2022-10-14,Freight-market proxy → East Coast India planning,14.177096774193549,1417.7096774193549,678.1204838709676,92.26129032258063,369.83870967741933,82.3555,1.8,2400.0,1.0,Statistics Finland sea-freight price index (proxy),"World Bank Pink Sheet: Coal, Australian",World Bank Pink Sheet: Brent × 7.35 energy proxy,"Raw USD/INR daily close, weekly last observation",Prototype default; replace with AIS/port feed
2022-10-21,Freight-market proxy → East Coast India planning,13.933225806451611,1393.3225806451612,674.8011290322579,91.80967741935483,359.09032258064514,82.7365,1.8,2400.0,1.0,Statistics Finland sea-freight price index (proxy),"World Bank Pink Sheet: Coal, Australian",World Bank Pink Sheet: Brent × 7.35 energy proxy,"Raw USD/INR daily close, weekly last observation",Prototype default; replace with AIS/port feed
2022-10-28,Freight-market proxy → East Coast India planning,13.689354838709678,1368.9354838709678,671.4817741935484,91.35806451612903,348.34193548387094,82.4712,1.8,2400.0,1.0,Statistics Finland sea-freight price index (proxy),"World Bank Pink Sheet: Coal, Australian",World Bank Pink Sheet: Brent × 7.35 energy proxy,"Raw USD/INR daily close, weekly last observation",Prototype default; replace with AIS/port feed
2022-11-04,Freight-market proxy → East Coast India planning,13.71,1371.0,662.088,90.08,345.9,82.3005,1.8,2400.0,1.0,Statistics Finland sea-freight price index (proxy),"World Bank Pink Sheet: Coal, Australian",World Bank Pink Sheet: Brent × 7.35 energy proxy,"Raw USD/INR daily close, weekly last observation",Prototype default; replace with AIS/port feed
2022-11-11,Freight-market proxy → East Coast India planning,14.083333333333332,1408.3333333333333,644.595,87.7,354.5333333333333,80.815,1.8,2400.0,1.0,Statistics Finland sea-freight price index (proxy),"World Bank Pink Sheet: Coal, Australian",World Bank Pink Sheet: Brent × 7.35 energy proxy,"Raw USD/INR daily close, weekly last observation",Prototype default; replace with AIS/port feed
2022-11-18,Freight-market proxy → East Coast India planning,14.456666666666667,1445.6666666666667,627.102,85.32000000000001,363.16666666666663,81.6615,1.8,2400.0,1.0,Statistics Finland sea-freight price index (proxy),"World Bank Pink Sheet: Coal, Australian",World Bank Pink Sheet: Brent × 7.35 energy proxy,"Raw USD/INR daily close, weekly last observation",Prototype default; replace with AIS/port feed
2022-11-25,Freight-market proxy → East Coast India planning,14.83,1483.0,609.6089999999999,82.94,371.8,81.665,1.8,2400.0,1.0,Statistics Finland sea-freight price index (proxy),"World Bank Pink Sheet: Coal, Australian",World Bank Pink Sheet: Brent × 7.35 energy proxy,"Raw USD/INR daily close, weekly last observation",Prototype default; replace with AIS/port feed
2022-12-02,Freight-market proxy → East Coast India planning,14.880967741935484,1488.0967741935483,595.1366129032259,80.9709677419355,377.22580645161287,81.365,1.8,2400.0,1.0,Statistics Finland sea-freight price index (proxy),"World Bank Pink Sheet: Coal, Australian",World Bank Pink Sheet: Brent × 7.35 energy proxy,"Raw USD/INR daily close, weekly last observation",Prototype default; replace with AIS/port feed
2022-12-09,Freight-market proxy → East Coast India planning,12.997741935483871,1299.774193548387,598.7879032258064,81.46774193548387,363.4064516129032,82.2812,1.8,2400.0,1.0,Statistics Finland sea-freight price index (proxy),"World Bank Pink Sheet: Coal, Australian",World Bank Pink Sheet: Brent × 7.35 energy proxy,"Raw USD/INR daily close, weekly last observation",Prototype default; replace with AIS/port feed
2022-12-16,Freight-market proxy → East Coast India planning,11.114516129032259,1111.4516129032259,602.4391935483872,81.96451612903226,349.5870967741935,82.805,1.8,2400.0,1.0,Statistics Finland sea-freight price index (proxy),"World Bank Pink Sheet: Coal, Australian",World Bank Pink Sheet: Brent × 7.35 energy proxy,"Raw USD/INR daily close, weekly last observation",Prototype default; replace with AIS/port feed
2022-12-23,Freight-market proxy → East Coast India planning,9.231290322580644,923.1290322580645,606.0904838709677,82.46129032258064,335.76774193548385,82.8425,1.8,2400.0,1.0,Statistics Finland sea-freight price index (proxy),"World Bank Pink Sheet: Coal, Australian",World Bank Pink Sheet: Brent × 7.35 energy proxy,"Raw USD/INR daily close, weekly last observation",Prototype default; replace with AIS/port feed
2022-12-30,Freight-market proxy → East Coast India planning,7.348064516129033,734.8064516129033,609.7417741935483,82.95806451612903,321.9483870967742,82.7005,1.8,2400.0,1.0,Statistics Finland sea-freight price index (proxy),"World Bank Pink Sheet: Coal, Australian",World Bank Pink Sheet: Brent × 7.35 energy proxy,"Raw USD/INR daily close, weekly last observation",Prototype default; replace with AIS/port feed
2023-01-06,Freight-market proxy → East Coast India planning,7.308387096774194,730.8387096774194,610.3108064516128,83.03548387096774,300.1774193548387,82.7375,1.8,2400.0,1.0,Statistics Finland sea-freight price index (proxy),"World Bank Pink Sheet: Coal, Australian",World Bank Pink Sheet: Brent × 7.35 energy proxy,"Raw USD/INR daily close, weekly last observation",Prototype default; replace with AIS/port feed
2023-01-13,Freight-market proxy → East Coast India planning,8.006129032258064,800.6129032258065,609.6469354838708,82.94516129032257,275.2258064516129,81.3762,1.8,2400.0,1.0,Statistics Finland sea-freight price index (proxy),"World Bank Pink Sheet: Coal, Australian",World Bank Pink Sheet: Brent × 7.35 energy proxy,"Raw USD/INR daily close, weekly last observation",Prototype default; replace with AIS/port feed
2023-01-20,Freight-market proxy → East Coast India planning,8.703870967741935,870.3870967741935,608.983064516129,82.85483870967742,250.2741935483871,81.1662,1.8,2400.0,1.0,Statistics Finland sea-freight price index (proxy),"World Bank Pink Sheet: Coal, Australian",World Bank Pink Sheet: Brent × 7.35 energy proxy,"Raw USD/INR daily close, weekly last observation",Prototype default; replace with AIS/port feed
2023-01-27,Freight-market proxy → East Coast India planning,9.401612903225805,940.1612903225806,608.319193548387,82.76451612903226,225.32258064516128,81.5488,1.8,2400.0,1.0,Statistics Finland sea-freight price index (proxy),"World Bank Pink Sheet: Coal, Australian",World Bank Pink Sheet: Brent × 7.35 energy proxy,"Raw USD/INR daily close, weekly last observation",Prototype default; replace with AIS/port feed
2023-02-03,Freight-market proxy → East Coast India planning,10.185,1018.5,605.64,82.4,206.05,81.9005,1.8,2400.0,1.0,Statistics Finland sea-freight price index (proxy),"World Bank Pink Sheet: Coal, Australian",World Bank Pink Sheet: Brent × 7.35 energy proxy,"Raw USD/INR daily close, weekly last observation",Prototype default; replace with AIS/port feed
2023-02-10,Freight-market proxy → East Coast India planning,11.1825,1118.25,597.9225,81.35000000000001,200.975,82.5712,1.8,2400.0,1.0,Statistics Finland sea-freight price index (proxy),"World Bank Pink Sheet: Coal, Australian",World Bank Pink Sheet: Brent × 7.35 energy proxy,"Raw USD/INR daily close, weekly last observation",Prototype default; replace with AIS/port feed
2023-02-17,Freight-market proxy → East Coast India planning,12.18,1218.0,590.2049999999999,80.3,195.9,82.8262,1.8,2400.0,1.0,Statistics Finland sea-freight price index (proxy),"World Bank Pink Sheet: Coal, Australian",World Bank Pink Sheet: Brent × 7.35 energy proxy,"Raw USD/INR daily close, weekly last observation",Prototype default; replace with AIS/port feed
2023-02-24,Freight-market proxy → East Coast India planning,13.1775,1317.75,582.4875,79.25,190.825,82.7462,1.8,2400.0,1.0,Statistics Finland sea-freight price index (proxy),"World Bank Pink Sheet: Coal, Australian",World Bank Pink Sheet: Brent × 7.35 energy proxy,"Raw USD/INR daily close, weekly last observation",Prototype default; replace with AIS/port feed
2023-03-03,Freight-market proxy → East Coast India planning,14.010645161290322,1401.0645161290322,579.6304838709677,78.86129032258064,187.65806451612903,81.9685,1.8,2400.0,1.0,Statistics Finland sea-freight price index (proxy),"World Bank Pink Sheet: Coal, Australian",World Bank Pink Sheet: Brent × 7.35 energy proxy,"Raw USD/INR daily close, weekly last observation",Prototype default; replace with AIS/port feed
2023-03-10,Freight-market proxy → East Coast India planning,14.43290322580645,1443.2903225806451,588.9246774193548,80.1258064516129,189.26129032258063,82.0605,1.8,2400.0,1.0,Statistics Finland sea-freight price index (proxy),"World Bank Pink Sheet: Coal, Australian",World Bank Pink Sheet: Brent × 7.35 energy proxy,"Raw USD/INR daily close, weekly last observation",Prototype default; replace with AIS/port feed
2023-03-17,Freight-market proxy → East Coast India planning,14.855161290322581,1485.516129032258,598.218870967742,81.39032258064516,190.86451612903227,82.5762,1.8,2400.0,1.0,Statistics Finland sea-freight price index (proxy),"World Bank Pink Sheet: Coal, Australian",World Bank Pink Sheet: Brent × 7.35 energy proxy,"Raw USD/INR daily close, weekly last observation",Prototype default; replace with AIS/port feed
2023-03-24,Freight-market proxy → East Coast India planning,15.27741935483871,1527.741935483871,607.513064516129,82.65483870967742,192.46774193548387,82.4562,1.8,2400.0,1.0,Statistics Finland sea-freight price index (proxy),"World Bank Pink Sheet: Coal, Australian",World Bank Pink Sheet: Brent × 7.35 energy proxy,"Raw USD/INR daily close, weekly last observation",Prototype default; replace with AIS/port feed
2023-03-31,Freight-market proxy → East Coast India planning,15.699677419354838,1569.967741935484,616.807258064516,83.91935483870967,194.0709677419355,82.2155,1.8,2400.0,1.0,Statistics Finland sea-freight price index (proxy),"World Bank Pink Sheet: Coal, Australian",World Bank Pink Sheet: Brent × 7.35 energy proxy,"Raw USD/INR daily close, weekly last observation",Prototype default; replace with AIS/port feed
2023-04-07,Freight-market proxy → East Coast India planning,14.562000000000001,1456.2,605.787,82.42,187.54000000000002,81.9025,1.8,2400.0,1.0,Statistics Finland sea-freight price index (proxy),"World Bank Pink Sheet: Coal, Australian",World Bank Pink Sheet: Brent × 7.35 energy proxy,"Raw USD/INR daily close, weekly last observation",Prototype default; replace with AIS/port feed
2023-04-14,Freight-market proxy → East Coast India planning,13.164333333333333,1316.4333333333334,591.381,80.46,179.65333333333334,81.8462,1.8,2400.0,1.0,Statistics Finland sea-freight price index (proxy),"World Bank Pink Sheet: Coal, Australian",World Bank Pink Sheet: Brent × 7.35 energy proxy,"Raw USD/INR daily close, weekly last observation",Prototype default; replace with AIS/port feed
2023-04-21,Freight-market proxy → East Coast India planning,11.766666666666667,1176.6666666666667,576.975,78.5,171.76666666666668,82.1025,1.8,2400.0,1.0,Statistics Finland sea-freight price index (proxy),"World Bank Pink Sheet: Coal, Australian",World Bank Pink Sheet: Brent × 7.35 energy proxy,"Raw USD/INR daily close, weekly last observation",Prototype default; replace with AIS/port feed
2023-04-28,Freight-market proxy → East Coast India planning,10.369000000000002,1036.9,562.5690000000001,76.54,163.88,81.8285,1.8,2400.0,1.0,Statistics Finland sea-freight price index (proxy),"World Bank Pink Sheet: Coal, Australian",World Bank Pink Sheet: Brent × 7.35 energy proxy,"Raw USD/INR daily close, weekly last observation",Prototype default; replace with AIS/port feed
2023-05-05,Freight-market proxy → East Coast India planning,9.91709677419355,991.7096774193549,555.6362903225806,75.59677419354838,157.7774193548387,81.7245,1.8,2400.0,1.0,Statistics Finland sea-freight price index (proxy),"World Bank Pink Sheet: Coal, Australian",World Bank Pink Sheet: Brent × 7.35 energy proxy,"Raw USD/INR daily close, weekly last observation",Prototype default; replace with AIS/port feed
2023-05-12,Freight-market proxy → East Coast India planning,10.17451612903226,1017.4516129032259,554.3085483870968,75.41612903225807,153.01290322580644,82.1675,1.8,2400.0,1.0,Statistics Finland sea-freight price index (proxy),"World Bank Pink Sheet: Coal, Australian",World Bank Pink Sheet: Brent × 7.35 energy proxy,"Raw USD/INR daily close, weekly last observation",Prototype default; replace with AIS/port feed
2023-05-19,Freight-market proxy → East Coast India planning,10.431935483870967,1043.1935483870968,552.9808064516129,75.23548387096774,148.2483870967742,82.6688,1.8,2400.0,1.0,Statistics Finland sea-freight price index (proxy),"World Bank Pink Sheet: Coal, Australian",World Bank Pink Sheet: Brent × 7.35 energy proxy,"Raw USD/INR daily close, weekly last observation",Prototype default; replace with AIS/port feed
2023-05-26,Freight-market proxy → East Coast India planning,10.689354838709678,1068.9354838709678,551.653064516129,75.05483870967743,143.48387096774195,82.575,1.8,2400.0,1.0,Statistics Finland sea-freight price index (proxy),"World Bank Pink Sheet: Coal, Australian",World Bank Pink Sheet: Brent × 7.35 energy proxy,"Raw USD/INR daily close, weekly last observation",Prototype default; replace with AIS/port feed
2023-06-02,Freight-market proxy → East Coast India planning,10.922,1092.2,551.789,75.07333333333334,139.44,82.3105,1.8,2400.0,1.0,Statistics Finland sea-freight price index (proxy),"World Bank Pink Sheet: Coal, Australian",World Bank Pink Sheet: Brent × 7.35 energy proxy,"Raw USD/INR daily close, weekly last observation",Prototype default; replace with AIS/port feed
2023-06-09,Freight-market proxy → East Coast India planning,11.005999999999998,1100.6,560.707,76.28666666666668,139.72,82.4613,1.8,2400.0,1.0,Statistics Finland sea-freight price index (proxy),"World Bank Pink Sheet: Coal, Australian",World Bank Pink Sheet: Brent × 7.35 energy proxy,"Raw USD/INR daily close, weekly last observation",Prototype default; replace with AIS/port feed
2023-06-16,Freight-market proxy → East Coast India planning,11.09,1109.0,569.625,77.5,140.0,81.9355,1.8,2400.0,1.0,Statistics Finland sea-freight price index (proxy),"World Bank Pink Sheet: Coal, Australian",World Bank Pink Sheet: Brent × 7.35 energy proxy,"Raw USD/INR daily close, weekly last observation",Prototype default; replace with AIS/port feed
2023-06-23,Freight-market proxy → East Coast India planning,11.174000000000001,1117.4,578.5429999999999,78.71333333333332,140.28,82.0405,1.8,2400.0,1.0,Statistics Finland sea-freight price index (proxy),"World Bank Pink Sheet: Coal, Australian",World Bank Pink Sheet: Brent × 7.35 energy proxy,"Raw USD/INR daily close, weekly last observation",Prototype default; replace with AIS/port feed
2023-06-30,Freight-market proxy → East Coast India planning,11.258,1125.8,587.4609999999999,79.92666666666666,140.56,82.0605,1.8,2400.0,1.0,Statistics Finland sea-freight price index (proxy),"World Bank Pink Sheet: Coal, Australian",World Bank Pink Sheet: Brent × 7.35 energy proxy,"Raw USD/INR daily close, weekly last observation",Prototype default; replace with AIS/port feed
2023-07-07,Freight-market proxy → East Coast India planning,11.190645161290321,1119.0645161290322,597.4127419354838,81.28064516129032,142.92258064516128,82.7595,1.8,2400.0,1.0,Statistics Finland sea-freight price index (proxy),"World Bank Pink Sheet: Coal, Australian",World Bank Pink Sheet: Brent × 7.35 energy proxy,"Raw USD/INR daily close, weekly last observation",Prototype default; replace with AIS/port feed
2023-07-14,Freight-market proxy → East Coast India planning,11.098064516129032,1109.8064516129032,607.5367741935484,82.65806451612903,145.63225806451612,82.1705,1.8,2400.0,1.0,Statistics Finland sea-freight price index (proxy),"World Bank Pink Sheet: Coal, Australian",World Bank Pink Sheet: Brent × 7.35 energy proxy,"Raw USD/INR daily close, weekly last observation",Prototype default; replace with AIS/port feed
2023-07-21,Freight-market proxy → East Coast India planning,11.005483870967742,1100.5483870967741,617.6608064516129,84.03548387096774,148.34193548387097,81.9575,1.8,2400.0,1.0,Statistics Finland sea-freight price index (proxy),"World Bank Pink Sheet: Coal, Australian",World Bank Pink Sheet: Brent × 7.35 energy proxy,"Raw USD/INR daily close, weekly last observation",Prototype default; replace with AIS/port feed
2023-07-28,Freight-market proxy → East Coast India planning,10.912903225806451,1091.2903225806451,627.7848387096775,85.41290322580646,151.0516129032258,82.26,1.8,2400.0,1.0,Statistics Finland sea-freight price index (proxy),"World Bank Pink Sheet: Coal, Australian",World Bank Pink Sheet: Brent × 7.35 energy proxy,"Raw USD/INR daily close, weekly last observation",Prototype default; replace with AIS/port feed
2023-08-04,Freight-market proxy → East Coast India planning,11.45516129032258,1145.516129032258,639.118064516129,86.95483870967742,153.55806451612904,82.8363,1.8,2400.0,1.0,Statistics Finland sea-freight price index (proxy),"World Bank Pink Sheet: Coal, Australian",World Bank Pink Sheet: Brent × 7.35 energy proxy,"Raw USD/INR daily close, weekly last observation",Prototype default; replace with AIS/port feed
2023-08-11,Freight-market proxy → East Coast India planning,12.843870967741937,1284.3870967741937,652.0635483870967,88.71612903225807,155.79354838709676,82.8575,1.8,2400.0,1.0,Statistics Finland sea-freight price index (proxy),"World Bank Pink Sheet: Coal, Australian",World Bank Pink Sheet: Brent × 7.35 energy proxy,"Raw USD/INR daily close, weekly last observation",Prototype default; replace with AIS/port feed
2023-08-18,Freight-market proxy → East Coast India planning,14.23258064516129,1423.258064516129,665.0090322580645,90.47741935483872,158.02903225806452,83.1055,1.8,2400.0,1.0,Statistics Finland sea-freight price index (proxy),"World Bank Pink Sheet: Coal, Australian",World Bank Pink Sheet: Brent × 7.35 energy proxy,"Raw USD/INR daily close, weekly last observation",Prototype default; replace with AIS/port feed
2023-08-25,Freight-market proxy → East Coast India planning,15.621290322580643,1562.1290322580644,677.9545161290322,92.23870967741935,160.26451612903224,82.6575,1.8,2400.0,1.0,Statistics Finland sea-freight price index (proxy),"World Bank Pink Sheet: Coal, Australian",World Bank Pink Sheet: Brent × 7.35 energy proxy,"Raw USD/INR daily close, weekly last observation",Prototype default; replace with AIS/port feed
2023-09-01,Freight-market proxy → East Coast India planning,17.01,1701.0,690.9,94.0,162.5,82.7175,1.8,2400.0,1.0,Statistics Finland sea-freight price index (proxy),"World Bank Pink Sheet: Coal, Australian",World Bank Pink Sheet: Brent × 7.35 energy proxy,"Raw USD/INR daily close, weekly last observation",Prototype default; replace with AIS/port feed
2023-09-08,Freight-market proxy → East Coast India planning,16.445333333333334,1644.5333333333333,685.9265,93.32333333333334,157.74,82.9538,1.8,2400.0,1.0,Statistics Finland sea-freight price index (proxy),"World Bank Pink Sheet: Coal, Australian",World Bank Pink Sheet: Brent × 7.35 energy proxy,"Raw USD/INR daily close, weekly last observation",Prototype default; replace with AIS/port feed
2023-09-15,Freight-market proxy → East Coast India planning,15.880666666666666,1588.0666666666666,680.953,92.64666666666666,152.98,83.1775,1.8,2400.0,1.0,Statistics Finland sea-freight price index (proxy),"World Bank Pink Sheet: Coal, Australian",World Bank Pink Sheet: Brent × 7.35 energy proxy,"Raw USD/INR daily close, weekly last observation",Prototype default; replace with AIS/port feed
2023-09-22,Freight-market proxy → East Coast India planning,15.315999999999999,1531.6,675.9794999999999,91.97,148.22,82.9075,1.8,2400.0,1.0,Statistics Finland sea-freight price index (proxy),"World Bank Pink Sheet: Coal, Australian",World Bank Pink Sheet: Brent × 7.35 energy proxy,"Raw USD/INR daily close, weekly last observation",Prototype default; replace with AIS/port feed
2023-09-29,Freight-market proxy → East Coast India planning,14.751333333333335,1475.1333333333334,671.0059999999999,91.29333333333332,143.46,83.0395,1.8,2400.0,1.0,Statistics Finland sea-freight price index (proxy),"World Bank Pink Sheet: Coal, Australian",World Bank Pink Sheet: Brent × 7.35 energy proxy,"Raw USD/INR daily close, weekly last observation",Prototype default; replace with AIS/port feed
2023-10-06,Freight-market proxy → East Coast India planning,16.973870967741938,1697.3870967741937,660.2196774193549,89.8258064516129,139.63225806451612,83.2488,1.8,2400.0,1.0,Statistics Finland sea-freight price index (proxy),"World Bank Pink Sheet: Coal, Australian",World Bank Pink Sheet: Brent × 7.35 energy proxy,"Raw USD/INR daily close, weekly last observation",Prototype default; replace with AIS/port feed
2023-10-13,Freight-market proxy → East Coast India planning,20.311290322580646,2031.1290322580646,647.1082258064516,88.04193548387097,136.17741935483872,83.2713,1.8,2400.0,1.0,Statistics Finland sea-freight price index (proxy),"World Bank Pink Sheet: Coal, Australian",World Bank Pink Sheet: Brent × 7.35 energy proxy,"Raw USD/INR daily close, weekly last observation",Prototype default; replace with AIS/port feed
2023-10-20,Freight-market proxy → East Coast India planning,23.648709677419355,2364.8709677419356,633.9967741935484,86.25806451612904,132.7225806451613,83.1035,1.8,2400.0,1.0,Statistics Finland sea-freight price index (proxy),"World Bank Pink Sheet: Coal, Australian",World Bank Pink Sheet: Brent × 7.35 energy proxy,"Raw USD/INR daily close, weekly last observation",Prototype default; replace with AIS/port feed
2023-10-27,Freight-market proxy → East Coast India planning,26.986129032258063,2698.6129032258063,620.885322580645,84.47419354838709,129.26774193548385,83.2462,1.8,2400.0,1.0,Statistics Finland sea-freight price index (proxy),"World Bank Pink Sheet: Coal, Australian",World Bank Pink Sheet: Brent × 7.35 energy proxy,"Raw USD/INR daily close, weekly last observation",Prototype default; replace with AIS/port feed
2023-11-03,Freight-market proxy → East Coast India planning,28.808000000000003,2880.8,608.923,82.84666666666666,127.8,83.2775,1.8,2400.0,1.0,Statistics Finland sea-freight price index (proxy),"World Bank Pink Sheet: Coal, Australian",World Bank Pink Sheet: Brent × 7.35 energy proxy,"Raw USD/INR daily close, weekly last observation",Prototype default; replace with AIS/port feed
2023-11-10,Freight-market proxy → East Coast India planning,26.840999999999998,2684.1,599.8335,81.61,131.3,83.33,1.8,2400.0,1.0,Statistics Finland sea-freight price index (proxy),"World Bank Pink Sheet: Coal, Australian",World Bank Pink Sheet: Brent × 7.35 energy proxy,"Raw USD/INR daily close, weekly last observation",Prototype default; replace with AIS/port feed
2023-11-17,Freight-market proxy → East Coast India planning,24.874000000000002,2487.4,590.744,80.37333333333333,134.8,83.25,1.8,2400.0,1.0,Statistics Finland sea-freight price index (proxy),"World Bank Pink Sheet: Coal, Australian",World Bank Pink Sheet: Brent × 7.35 energy proxy,"Raw USD/INR daily close, weekly last observation",Prototype default; replace with AIS/port feed
2023-11-24,Freight-market proxy → East Coast India planning,22.907000000000004,2290.7000000000003,581.6545,79.13666666666667,138.3,83.375,1.8,2400.0,1.0,Statistics Finland sea-freight price index (proxy),"World Bank Pink Sheet: Coal, Australian",World Bank Pink Sheet: Brent × 7.35 energy proxy,"Raw USD/INR daily close, weekly last observation",Prototype default; replace with AIS/port feed
2023-12-01,Freight-market proxy → East Coast India planning,20.94,2094.0,572.565,77.9,141.8,83.3255,1.8,2400.0,1.0,Statistics Finland sea-freight price index (proxy),"World Bank Pink Sheet: Coal, Australian",World Bank Pink Sheet: Brent × 7.35 energy proxy,"Raw USD/INR daily close, weekly last observation",Prototype default; replace with AIS/port feed
2023-12-08,Freight-market proxy → East Coast India planning,19.368387096774192,1936.8387096774193,576.3822580645161,78.41935483870968,137.98387096774195,83.3862,1.8,2400.0,1.0,Statistics Finland sea-freight price index (proxy),"World Bank Pink Sheet: Coal, Australian",World Bank Pink Sheet: Brent × 7.35 energy proxy,"Raw USD/INR daily close, weekly last observation",Prototype default; replace with AIS/port feed
2023-12-15,Freight-market proxy → East Coast India planning,17.796774193548387,1779.6774193548388,580.1995161290322,78.93870967741935,134.1677419354839,83.0062,1.8,2400.0,1.0,Statistics Finland sea-freight price index (proxy),"World Bank Pink Sheet: Coal, Australian",World Bank Pink Sheet: Brent × 7.35 energy proxy,"Raw USD/INR daily close, weekly last observation",Prototype default; replace with AIS/port feed
2023-12-22,Freight-market proxy → East Coast India planning,16.225161290322582,1622.516129032258,584.0167741935485,79.45806451612904,130.35161290322583,83.1512,1.8,2400.0,1.0,Statistics Finland sea-freight price index (proxy),"World Bank Pink Sheet: Coal, Australian",World Bank Pink Sheet: Brent × 7.35 energy proxy,"Raw USD/INR daily close, weekly last observation",Prototype default; replace with AIS/port feed
2023-12-29,Freight-market proxy → East Coast India planning,14.653548387096775,1465.3548387096776,587.8340322580646,79.97741935483872,126.53548387096775,83.2065,1.8,2400.0,1.0,Statistics Finland sea-freight price index (proxy),"World Bank Pink Sheet: Coal, Australian",World Bank Pink Sheet: Brent × 7.35 energy proxy,"Raw USD/INR daily close, weekly last observation",Prototype default; replace with AIS/port feed
2024-01-05,Freight-market proxy → East Coast India planning,14.9,1490.0,592.8841935483871,80.66451612903226,124.80967741935484,83.1525,1.8,2400.0,1.0,Statistics Finland sea-freight price index (proxy),"World Bank Pink Sheet: Coal, Australian",World Bank Pink Sheet: Brent × 7.35 energy proxy,"Raw USD/INR daily close, weekly last observation",Prototype default; replace with AIS/port feed
2024-01-12,Freight-market proxy → East Coast India planning,16.51,1651.0,598.8590322580645,81.47741935483872,124.65161290322581,82.9412,1.8,2400.0,1.0,Statistics Finland sea-freight price index (proxy),"World Bank Pink Sheet: Coal, Australian",World Bank Pink Sheet: Brent × 7.35 energy proxy,"Raw USD/INR daily close, weekly last observation",Prototype default; replace with AIS/port feed
2024-01-19,Freight-market proxy → East Coast India planning,18.12,1812.0,604.833870967742,82.29032258064517,124.49354838709678,83.0525,1.8,2400.0,1.0,Statistics Finland sea-freight price index (proxy),"World Bank Pink Sheet: Coal, Australian",World Bank Pink Sheet: Brent × 7.35 energy proxy,"Raw USD/INR daily close, weekly last observation",Prototype default; replace with AIS/port feed
2024-01-26,Freight-market proxy → East Coast India planning,19.73,1973.0,610.8087096774193,83.1032258064516,124.33548387096775,83.1163,1.8,2400.0,1.0,Statistics Finland sea-freight price index (proxy),"World Bank Pink Sheet: Coal, Australian",World Bank Pink Sheet: Brent × 7.35 energy proxy,"Raw USD/INR daily close, weekly last observation",Prototype default; replace with AIS/port feed
2024-02-02,Freight-market proxy → East Coast India planning,21.01,2101.0,616.3355172413792,83.8551724137931,124.45172413793104,82.915,1.8,2400.0,1.0,Statistics Finland sea-freight price index (proxy),"World Bank Pink Sheet: Coal, Australian",World Bank Pink Sheet: Brent × 7.35 energy proxy,"Raw USD/INR daily close, weekly last observation",Prototype default; replace with AIS/port feed
2024-02-09,Freight-market proxy → East Coast India planning,20.31,2031.0,619.1741379310345,84.24137931034483,126.21379310344828,83.0405,1.8,2400.0,1.0,Statistics Finland sea-freight price index (proxy),"World Bank Pink Sheet: Coal, Australian",World Bank Pink Sheet: Brent × 7.35 energy proxy,"Raw USD/INR daily close, weekly last observation",Prototype default; replace with AIS/port feed
2024-02-16,Freight-market proxy → East Coast India planning,19.61,1961.0,622.0127586206896,84.62758620689655,127.97586206896551,83.0087,1.8,2400.0,1.0,Statistics Finland sea-freight price index (proxy),"World Bank Pink Sheet: Coal, Australian",World Bank Pink Sheet: Brent × 7.35 energy proxy,"Raw USD/INR daily close, weekly last observation",Prototype default; replace with AIS/port feed
2024-02-23,Freight-market proxy → East Coast India planning,18.91,1891.0,624.8513793103448,85.01379310344828,129.73793103448276,82.9412,1.8,2400.0,1.0,Statistics Finland sea-freight price index (proxy),"World Bank Pink Sheet: Coal, Australian",World Bank Pink Sheet: Brent × 7.35 energy proxy,"Raw USD/INR daily close, weekly last observation",Prototype default; replace with AIS/port feed
2024-03-01,Freight-market proxy → East Coast India planning,18.21,1821.0,627.69,85.4,131.5,82.8835,1.8,2400.0,1.0,Statistics Finland sea-freight price index (proxy),"World Bank Pink Sheet: Coal, Australian",World Bank Pink Sheet: Brent × 7.35 energy proxy,"Raw USD/INR daily close, weekly last observation",Prototype default; replace with AIS/port feed
2024-03-08,Freight-market proxy → East Coast India planning,17.90290322580645,1790.2903225806451,635.4904838709678,86.46129032258065,132.29032258064515,82.6712,1.8,2400.0,1.0,Statistics Finland sea-freight price index (proxy),"World Bank Pink Sheet: Coal, Australian",World Bank Pink Sheet: Brent × 7.35 energy proxy,"Raw USD/INR daily close, weekly last observation",Prototype default; replace with AIS/port feed
2024-03-15,Freight-market proxy → East Coast India planning,17.5958064516129,1759.5806451612902,643.2909677419354,87.52258064516128,133.08064516129033,82.8585,1.8,2400.0,1.0,Statistics Finland sea-freight price index (proxy),"World Bank Pink Sheet: Coal, Australian",World Bank Pink Sheet: Brent × 7.35 energy proxy,"Raw USD/INR daily close, weekly last observation",Prototype default; replace with AIS/port feed
2024-03-22,Freight-market proxy → East Coast India planning,17.288709677419355,1728.8709677419356,651.0914516129031,88.58387096774193,133.8709677419355,83.7245,1.8,2400.0,1.0,Statistics Finland sea-freight price index (proxy),"World Bank Pink Sheet: Coal, Australian",World Bank Pink Sheet: Brent × 7.35 energy proxy,"Raw USD/INR daily close, weekly last observation",Prototype default; replace with AIS/port feed
2024-03-29,Freight-market proxy → East Coast India planning,16.98161290322581,1698.1612903225807,658.891935483871,89.64516129032258,134.66129032258064,83.3962,1.8,2400.0,1.0,Statistics Finland sea-freight price index (proxy),"World Bank Pink Sheet: Coal, Australian",World Bank Pink Sheet: Brent × 7.35 energy proxy,"Raw USD/INR daily close, weekly last observation",Prototype default; replace with AIS/port feed
2024-04-05,Freight-market proxy → East Coast India planning,17.023333333333333,1702.3333333333333,654.2969999999999,89.02,135.93333333333334,83.3005,1.8,2400.0,1.0,Statistics Finland sea-freight price index (proxy),"World Bank Pink Sheet: Coal, Australian",World Bank Pink Sheet: Brent × 7.35 energy proxy,"Raw USD/INR daily close, weekly last observation",Prototype default; replace with AIS/port feed
2024-04-12,Freight-market proxy → East Coast India planning,17.326666666666668,1732.6666666666667,640.4055,87.13,137.56666666666666,83.4395,1.8,2400.0,1.0,Statistics Finland sea-freight price index (proxy),"World Bank Pink Sheet: Coal, Australian",World Bank Pink Sheet: Brent × 7.35 energy proxy,"Raw USD/INR daily close, weekly last observation",Prototype default; replace with AIS/port feed
2024-04-19,Freight-market proxy → East Coast India planning,17.63,1763.0,626.5139999999999,85.24,139.2,83.4775,1.8,2400.0,1.0,Statistics Finland sea-freight price index (proxy),"World Bank Pink Sheet: Coal, Australian",World Bank Pink Sheet: Brent × 7.35 energy proxy,"Raw USD/INR daily close, weekly last observation",Prototype default; replace with AIS/port feed
2024-04-26,Freight-market proxy → East Coast India planning,17.933333333333334,1793.3333333333333,612.6225,83.35,140.83333333333334,83.3512,1.8,2400.0,1.0,Statistics Finland sea-freight price index (proxy),"World Bank Pink Sheet: Coal, Australian",World Bank Pink Sheet: Brent × 7.35 energy proxy,"Raw USD/INR daily close, weekly last observation",Prototype default; replace with AIS/port feed
2024-05-03,Freight-market proxy → East Coast India planning,18.301612903225806,1830.1612903225807,602.9845161290322,82.03870967741935,141.55483870967743,83.4335,1.8,2400.0,1.0,Statistics Finland sea-freight price index (proxy),"World Bank Pink Sheet: Coal, Australian",World Bank Pink Sheet: Brent × 7.35 energy proxy,"Raw USD/INR daily close, weekly last observation",Prototype default; replace with AIS/port feed
2024-05-10,Freight-market proxy → East Coast India planning,18.83225806451613,1883.225806451613,603.9803225806451,82.1741935483871,139.9967741935484,83.5012,1.8,2400.0,1.0,Statistics Finland sea-freight price index (proxy),"World Bank Pink Sheet: Coal, Australian",World Bank Pink Sheet: Brent × 7.35 energy proxy,"Raw USD/INR daily close, weekly last observation",Prototype default; replace with AIS/port feed
2024-05-17,Freight-market proxy → East Coast India planning,19.362903225806452,1936.2903225806451,604.9761290322581,82.30967741935484,138.43870967741935,83.3435,1.8,2400.0,1.0,Statistics Finland sea-freight price index (proxy),"World Bank Pink Sheet: Coal, Australian",World Bank Pink Sheet: Brent × 7.35 energy proxy,"Raw USD/INR daily close, weekly last observation",Prototype default; replace with AIS/port feed
2024-05-24,Freight-market proxy → East Coast India planning,19.89354838709677,1989.3548387096773,605.9719354838709,82.44516129032257,136.88064516129032,83.0985,1.8,2400.0,1.0,Statistics Finland sea-freight price index (proxy),"World Bank Pink Sheet: Coal, Australian",World Bank Pink Sheet: Brent × 7.35 energy proxy,"Raw USD/INR daily close, weekly last observation",Prototype default; replace with AIS/port feed
2024-05-31,Freight-market proxy → East Coast India planning,20.424193548387098,2042.4193548387098,606.9677419354838,82.58064516129032,135.32258064516128,83.4565,1.8,2400.0,1.0,Statistics Finland sea-freight price index (proxy),"World Bank Pink Sheet: Coal, Australian",World Bank Pink Sheet: Brent × 7.35 energy proxy,"Raw USD/INR daily close, weekly last observation",Prototype default; replace with AIS/port feed
2024-06-07,Freight-market proxy → East Coast India planning,19.816,1981.6,611.079,83.14,135.6,83.3905,1.8,2400.0,1.0,Statistics Finland sea-freight price index (proxy),"World Bank Pink Sheet: Coal, Australian",World Bank Pink Sheet: Brent × 7.35 energy proxy,"Raw USD/INR daily close, weekly last observation",Prototype default; replace with AIS/port feed
2024-06-14,Freight-market proxy → East Coast India planning,19.018,1901.8,615.7094999999999,83.77,136.18333333333334,83.5615,1.8,2400.0,1.0,Statistics Finland sea-freight price index (proxy),"World Bank Pink Sheet: Coal, Australian",World Bank Pink Sheet: Brent × 7.35 energy proxy,"Raw USD/INR daily close, weekly last observation",Prototype default; replace with AIS/port feed
2024-06-21,Freight-market proxy → East Coast India planning,18.22,1822.0,620.3399999999999,84.39999999999999,136.76666666666665,83.5365,1.8,2400.0,1.0,Statistics Finland sea-freight price index (proxy),"World Bank Pink Sheet: Coal, Australian",World Bank Pink Sheet: Brent × 7.35 energy proxy,"Raw USD/INR daily close, weekly last observation",Prototype default; replace with AIS/port feed
2024-06-28,Freight-market proxy → East Coast India planning,17.422,1742.2,624.9705,85.03,137.35,83.3805,1.8,2400.0,1.0,Statistics Finland sea-freight price index (proxy),"World Bank Pink Sheet: Coal, Australian",World Bank Pink Sheet: Brent × 7.35 energy proxy,"Raw USD/INR daily close, weekly last observation",Prototype default; replace with AIS/port feed
2024-07-05,Freight-market proxy → East Coast India planning,17.21677419354839,1721.6774193548388,622.7820967741935,84.73225806451613,138.65806451612903,83.5015,1.8,2400.0,1.0,Statistics Finland sea-freight price index (proxy),"World Bank Pink Sheet: Coal, Australian",World Bank Pink Sheet: Brent × 7.35 energy proxy,"Raw USD/INR daily close, weekly last observation",Prototype default; replace with AIS/port feed
2024-07-12,Freight-market proxy → East Coast India planning,17.456129032258062,1745.6129032258063,615.4795161290322,83.73870967741935,140.50967741935483,83.5355,1.8,2400.0,1.0,Statistics Finland sea-freight price index (proxy),"World Bank Pink Sheet: Coal, Australian",World Bank Pink Sheet: Brent × 7.35 energy proxy,"Raw USD/INR daily close, weekly last observation",Prototype default; replace with AIS/port feed
2024-07-19,Freight-market proxy → East Coast India planning,17.695483870967742,1769.5483870967741,608.1769354838709,82.74516129032259,142.36129032258066,83.6625,1.8,2400.0,1.0,Statistics Finland sea-freight price index (proxy),"World Bank Pink Sheet: Coal, Australian",World Bank Pink Sheet: Brent × 7.35 energy proxy,"Raw USD/INR daily close, weekly last observation",Prototype default; replace with AIS/port feed
2024-07-26,Freight-market proxy → East Coast India planning,17.934838709677418,1793.483870967742,600.8743548387097,81.7516129032258,144.21290322580646,83.7195,1.8,2400.0,1.0,Statistics Finland sea-freight price index (proxy),"World Bank Pink Sheet: Coal, Australian",World Bank Pink Sheet: Brent × 7.35 energy proxy,"Raw USD/INR daily close, weekly last observation",Prototype default; replace with AIS/port feed
2024-08-02,Freight-market proxy → East Coast India planning,18.227096774193548,1822.7096774193549,593.0501612903225,80.68709677419355,145.58709677419355,83.7415,1.8,2400.0,1.0,Statistics Finland sea-freight price index (proxy),"World Bank Pink Sheet: Coal, Australian",World Bank Pink Sheet: Brent × 7.35 energy proxy,"Raw USD/INR daily close, weekly last observation",Prototype default; replace with AIS/port feed
2024-08-09,Freight-market proxy → East Coast India planning,18.836774193548386,1883.6774193548388,582.0962903225807,79.19677419354839,144.09677419354838,83.9565,1.8,2400.0,1.0,Statistics Finland sea-freight price index (proxy),"World Bank Pink Sheet: Coal, Australian",World Bank Pink Sheet: Brent × 7.35 energy proxy,"Raw USD/INR daily close, weekly last observation",Prototype default; replace with AIS/port feed
2024-08-16,Freight-market proxy → East Coast India planning,19.44645161290323,1944.6451612903227,571.1424193548387,77.70645161290322,142.60645161290321,83.9545,1.8,2400.0,1.0,Statistics Finland sea-freight price index (proxy),"World Bank Pink Sheet: Coal, Australian",World Bank Pink Sheet: Brent × 7.35 energy proxy,"Raw USD/INR daily close, weekly last observation",Prototype default; replace with AIS/port feed
2024-08-23,Freight-market proxy → East Coast India planning,20.056129032258063,2005.6129032258063,560.1885483870967,76.21612903225807,141.11612903225807,83.9025,1.8,2400.0,1.0,Statistics Finland sea-freight price index (proxy),"World Bank Pink Sheet: Coal, Australian",World Bank Pink Sheet: Brent × 7.35 energy proxy,"Raw USD/INR daily close, weekly last observation",Prototype default; replace with AIS/port feed
2024-08-30,Freight-market proxy → East Coast India planning,20.6658064516129,2066.5806451612902,549.2346774193547,74.7258064516129,139.6258064516129,83.8465,1.8,2400.0,1.0,Statistics Finland sea-freight price index (proxy),"World Bank Pink Sheet: Coal, Australian",World Bank Pink Sheet: Brent × 7.35 energy proxy,"Raw USD/INR daily close, weekly last observation",Prototype default; replace with AIS/port feed
2024-09-06,Freight-market proxy → East Coast India planning,19.68,1968.0,547.8199999999999,74.53333333333333,140.4333333333333,83.9505,1.8,2400.0,1.0,Statistics Finland sea-freight price index (proxy),"World Bank Pink Sheet: Coal, Australian",World Bank Pink Sheet: Brent × 7.35 energy proxy,"Raw USD/INR daily close, weekly last observation",Prototype default; replace with AIS/port feed
2024-09-13,Freight-market proxy → East Coast India planning,18.055999999999997,1805.6,550.221,74.86,142.16,83.8955,1.8,2400.0,1.0,Statistics Finland sea-freight price index (proxy),"World Bank Pink Sheet: Coal, Australian",World Bank Pink Sheet: Brent × 7.35 energy proxy,"Raw USD/INR daily close, weekly last observation",Prototype default; replace with AIS/port feed
2024-09-20,Freight-market proxy → East Coast India planning,16.432000000000002,1643.2,552.622,75.18666666666667,143.88666666666666,83.5665,1.8,2400.0,1.0,Statistics Finland sea-freight price index (proxy),"World Bank Pink Sheet: Coal, Australian",World Bank Pink Sheet: Brent × 7.35 energy proxy,"Raw USD/INR daily close, weekly last observation",Prototype default; replace with AIS/port feed
2024-09-27,Freight-market proxy → East Coast India planning,14.808,1480.8,555.023,75.51333333333334,145.61333333333332,83.7015,1.8,2400.0,1.0,Statistics Finland sea-freight price index (proxy),"World Bank Pink Sheet: Coal, Australian",World Bank Pink Sheet: Brent × 7.35 energy proxy,"Raw USD/INR daily close, weekly last observation",Prototype default; replace with AIS/port feed
2024-10-04,Freight-market proxy → East Coast India planning,13.847096774193549,1384.7096774193549,555.4703225806452,75.5741935483871,146.16451612903225,83.9635,1.8,2400.0,1.0,Statistics Finland sea-freight price index (proxy),"World Bank Pink Sheet: Coal, Australian",World Bank Pink Sheet: Brent × 7.35 energy proxy,"Raw USD/INR daily close, weekly last observation",Prototype default; replace with AIS/port feed
2024-10-11,Freight-market proxy → East Coast India planning,13.77032258064516,1377.032258064516,553.3127419354838,75.28064516129032,145.1483870967742,84.0765,1.8,2400.0,1.0,Statistics Finland sea-freight price index (proxy),"World Bank Pink Sheet: Coal, Australian",World Bank Pink Sheet: Brent × 7.35 energy proxy,"Raw USD/INR daily close, weekly last observation",Prototype default; replace with AIS/port feed
2024-10-18,Freight-market proxy → East Coast India planning,13.693548387096774,1369.3548387096773,551.1551612903226,74.98709677419355,144.13225806451612,84.0645,1.8,2400.0,1.0,Statistics Finland sea-freight price index (proxy),"World Bank Pink Sheet: Coal, Australian",World Bank Pink Sheet: Brent × 7.35 energy proxy,"Raw USD/INR daily close, weekly last observation",Prototype default; replace with AIS/port feed
2024-10-25,Freight-market proxy → East Coast India planning,13.616774193548387,1361.6774193548388,548.9975806451613,74.69354838709678,143.11612903225807,84.0775,1.8,2400.0,1.0,Statistics Finland sea-freight price index (proxy),"World Bank Pink Sheet: Coal, Australian",World Bank Pink Sheet: Brent × 7.35 energy proxy,"Raw USD/INR daily close, weekly last observation",Prototype default; replace with AIS/port feed
2024-11-01,Freight-market proxy → East Coast India planning,13.54,1354.0,546.84,74.4,142.1,84.0805,1.8,2400.0,1.0,Statistics Finland sea-freight price index (proxy),"World Bank Pink Sheet: Coal, Australian",World Bank Pink Sheet: Brent × 7.35 energy proxy,"Raw USD/INR daily close, weekly last observation",Prototype default; replace with AIS/port feed
2024-11-08,Freight-market proxy → East Coast India planning,12.707,1270.7,545.811,74.26,139.23,84.3785,1.8,2400.0,1.0,Statistics Finland sea-freight price index (proxy),"World Bank Pink Sheet: Coal, Australian",World Bank Pink Sheet: Brent × 7.35 energy proxy,"Raw USD/INR daily close, weekly last observation",Prototype default; replace with AIS/port feed
2024-11-15,Freight-market proxy → East Coast India planning,11.874,1187.4,544.782,74.12,136.36,84.4745,1.8,2400.0,1.0,Statistics Finland sea-freight price index (proxy),"World Bank Pink Sheet: Coal, Australian",World Bank Pink Sheet: Brent × 7.35 energy proxy,"Raw USD/INR daily close, weekly last observation",Prototype default; replace with AIS/port feed
2024-11-22,Freight-market proxy → East Coast India planning,11.040999999999999,1104.1,543.753,73.98,133.49,84.4115,1.8,2400.0,1.0,Statistics Finland sea-freight price index (proxy),"World Bank Pink Sheet: Coal, Australian",World Bank Pink Sheet: Brent × 7.35 energy proxy,"Raw USD/INR daily close, weekly last observation",Prototype default; replace with AIS/port feed
2024-11-29,Freight-market proxy → East Coast India planning,10.208,1020.8,542.724,73.84,130.62,84.5335,1.8,2400.0,1.0,Statistics Finland sea-freight price index (proxy),"World Bank Pink Sheet: Coal, Australian",World Bank Pink Sheet: Brent × 7.35 energy proxy,"Raw USD/INR daily close, weekly last observation",Prototype default; replace with AIS/port feed
2024-12-06,Freight-market proxy → East Coast India planning,9.54741935483871,954.741935483871,548.8316129032257,74.67096774193548,127.99354838709678,84.6935,1.8,2400.0,1.0,Statistics Finland sea-freight price index (proxy),"World Bank Pink Sheet: Coal, Australian",World Bank Pink Sheet: Brent × 7.35 energy proxy,"Raw USD/INR daily close, weekly last observation",Prototype default; replace with AIS/port feed
2024-12-13,Freight-market proxy → East Coast India planning,8.955806451612904,895.5806451612904,557.7938709677419,75.89032258064516,125.46451612903226,84.7985,1.8,2400.0,1.0,Statistics Finland sea-freight price index (proxy),"World Bank Pink Sheet: Coal, Australian",World Bank Pink Sheet: Brent × 7.35 energy proxy,"Raw USD/INR daily close, weekly last observation",Prototype default; replace with AIS/port feed
2024-12-20,Freight-market proxy → East Coast India planning,8.364193548387096,836.4193548387096,566.7561290322581,77.10967741935484,122.93548387096774,84.9765,1.8,2400.0,1.0,Statistics Finland sea-freight price index (proxy),"World Bank Pink Sheet: Coal, Australian",World Bank Pink Sheet: Brent × 7.35 energy proxy,"Raw USD/INR daily close, weekly last observation",Prototype default; replace with AIS/port feed
2024-12-27,Freight-market proxy → East Coast India planning,7.77258064516129,777.258064516129,575.7183870967741,78.32903225806452,120.40645161290323,85.5515,1.8,2400.0,1.0,Statistics Finland sea-freight price index (proxy),"World Bank Pink Sheet: Coal, Australian",World Bank Pink Sheet: Brent × 7.35 energy proxy,"Raw USD/INR daily close, weekly last observation",Prototype default; replace with AIS/port feed
2025-01-03,Freight-market proxy → East Coast India planning,7.668709677419355,766.8709677419355,580.2232258064515,78.94193548387096,117.84516129032258,85.7875,1.8,2400.0,1.0,Statistics Finland sea-freight price index (proxy),"World Bank Pink Sheet: Coal, Australian",World Bank Pink Sheet: Brent × 7.35 energy proxy,"Raw USD/INR daily close, weekly last observation",Prototype default; replace with AIS/port feed
2025-01-10,Freight-market proxy → East Coast India planning,8.784193548387096,878.4193548387096,573.5845161290323,78.03870967741936,115.20322580645161,86.0225,1.8,2400.0,1.0,Statistics Finland sea-freight price index (proxy),"World Bank Pink Sheet: Coal, Australian",World Bank Pink Sheet: Brent × 7.35 energy proxy,"Raw USD/INR daily close, weekly last observation",Prototype default; replace with AIS/port feed
2025-01-17,Freight-market proxy → East Coast India planning,9.89967741935484,989.9677419354839,566.945806451613,77.13548387096775,112.56129032258065,86.6065,1.8,2400.0,1.0,Statistics Finland sea-freight price index (proxy),"World Bank Pink Sheet: Coal, Australian",World Bank Pink Sheet: Brent × 7.35 energy proxy,"Raw USD/INR daily close, weekly last observation",Prototype default; replace with AIS/port feed
2025-01-24,Freight-market proxy → East Coast India planning,11.015161290322581,1101.516129032258,560.3070967741935,76.23225806451613,109.91935483870968,86.2465,1.8,2400.0,1.0,Statistics Finland sea-freight price index (proxy),"World Bank Pink Sheet: Coal, Australian",World Bank Pink Sheet: Brent × 7.35 energy proxy,"Raw USD/INR daily close, weekly last observation",Prototype default; replace with AIS/port feed
2025-01-31,Freight-market proxy → East Coast India planning,12.130645161290323,1213.0645161290322,553.6683870967742,75.32903225806452,107.27741935483871,86.6355,1.8,2400.0,1.0,Statistics Finland sea-freight price index (proxy),"World Bank Pink Sheet: Coal, Australian",World Bank Pink Sheet: Brent × 7.35 energy proxy,"Raw USD/INR daily close, weekly last observation",Prototype default; replace with AIS/port feed
2025-02-07,Freight-market proxy → East Coast India planning,13.080714285714286,1308.0714285714287,548.625,74.64285714285714,106.27857142857144,87.4665,1.8,2400.0,1.0,Statistics Finland sea-freight price index (proxy),"World Bank Pink Sheet: Coal, Australian",World Bank Pink Sheet: Brent × 7.35 energy proxy,"Raw USD/INR daily close, weekly last observation",Prototype default; replace with AIS/port feed
2025-02-14,Freight-market proxy → East Coast India planning,14.003214285714286,1400.3214285714287,543.8475,73.99285714285715,105.55357142857143,86.8085,1.8,2400.0,1.0,Statistics Finland sea-freight price index (proxy),"World Bank Pink Sheet: Coal, Australian",World Bank Pink Sheet: Brent × 7.35 energy proxy,"Raw USD/INR daily close, weekly last observation",Prototype default; replace with AIS/port feed
2025-02-21,Freight-market proxy → East Coast India planning,14.925714285714287,1492.5714285714287,539.0699999999999,73.34285714285714,104.82857142857144,86.6545,1.8,2400.0,1.0,Statistics Finland sea-freight price index (proxy),"World Bank Pink Sheet: Coal, Australian",World Bank Pink Sheet: Brent × 7.35 energy proxy,"Raw USD/INR daily close, weekly last observation",Prototype default; replace with AIS/port feed
2025-02-28,Freight-market proxy → East Coast India planning,15.848214285714286,1584.8214285714287,534.2924999999999,72.69285714285714,104.10357142857143,87.4175,1.8,2400.0,1.0,Statistics Finland sea-freight price index (proxy),"World Bank Pink Sheet: Coal, Australian",World Bank Pink Sheet: Brent × 7.35 energy proxy,"Raw USD/INR daily close, weekly last observation",Prototype default; replace with AIS/port feed
2025-03-07,Freight-market proxy → East Coast India planning,15.56967741935484,1556.967741935484,526.6393548387096,71.6516129032258,102.95483870967742,86.9355,1.8,2400.0,1.0,Statistics Finland sea-freight price index (proxy),"World Bank Pink Sheet: Coal, Australian",World Bank Pink Sheet: Brent × 7.35 energy proxy,"Raw USD/INR daily close, weekly last observation",Prototype default; replace with AIS/port feed
2025-03-14,Freight-market proxy → East Coast India planning,15.090967741935483,1509.0967741935483,518.506935483871,70.54516129032258,101.73548387096774,86.9485,1.8,2400.0,1.0,Statistics Finland sea-freight price index (proxy),"World Bank Pink Sheet: Coal, Australian",World Bank Pink Sheet: Brent × 7.35 energy proxy,"Raw USD/INR daily close, weekly last observation",Prototype default; replace with AIS/port feed
2025-03-21,Freight-market proxy → East Coast India planning,14.61225806451613,1461.225806451613,510.3745161290322,69.43870967741935,100.51612903225806,85.9555,1.8,2400.0,1.0,Statistics Finland sea-freight price index (proxy),"World Bank Pink Sheet: Coal, Australian",World Bank Pink Sheet: Brent × 7.35 energy proxy,"Raw USD/INR daily close, weekly last observation",Prototype default; replace with AIS/port feed
2025-03-28,Freight-market proxy → East Coast India planning,14.133548387096774,1413.3548387096773,502.2420967741935,68.33225806451613,99.29677419354839,85.4785,1.8,2400.0,1.0,Statistics Finland sea-freight price index (proxy),"World Bank Pink Sheet: Coal, Australian",World Bank Pink Sheet: Brent × 7.35 energy proxy,"Raw USD/INR daily close, weekly last observation",Prototype default; replace with AIS/port feed
2025-04-04,Freight-market proxy → East Coast India planning,13.892000000000001,1389.2,495.02250000000004,67.35000000000001,99.17999999999999,85.2165,1.8,2400.0,1.0,Statistics Finland sea-freight price index (proxy),"World Bank Pink Sheet: Coal, Australian",World Bank Pink Sheet: Brent × 7.35 energy proxy,"Raw USD/INR daily close, weekly last observation",Prototype default; replace with AIS/port feed
2025-04-11,Freight-market proxy → East Coast India planning,13.966666666666667,1396.6666666666667,489.02,66.53333333333333,100.53333333333333,86.0315,1.8,2400.0,1.0,Statistics Finland sea-freight price index (proxy),"World Bank Pink Sheet: Coal, Australian",World Bank Pink Sheet: Brent × 7.35 energy proxy,"Raw USD/INR daily close, weekly last observation",Prototype default; replace with AIS/port feed
2025-04-18,Freight-market proxy → East Coast India planning,14.041333333333334,1404.1333333333334,483.0175,65.71666666666667,101.88666666666667,85.3755,1.8,2400.0,1.0,Statistics Finland sea-freight price index (proxy),"World Bank Pink Sheet: Coal, Australian",World Bank Pink Sheet: Brent × 7.35 energy proxy,"Raw USD/INR daily close, weekly last observation",Prototype default; replace with AIS/port feed
2025-04-25,Freight-market proxy → East Coast India planning,14.116,1411.6,477.01500000000004,64.9,103.24000000000001,85.4355,1.8,2400.0,1.0,Statistics Finland sea-freight price index (proxy),"World Bank Pink Sheet: Coal, Australian",World Bank Pink Sheet: Brent × 7.35 energy proxy,"Raw USD/INR daily close, weekly last observation",Prototype default; replace with AIS/port feed
2025-05-02,Freight-market proxy → East Coast India planning,14.202903225806452,1420.2903225806451,473.60080645161287,64.43548387096774,104.54838709677419,84.5235,1.8,2400.0,1.0,Statistics Finland sea-freight price index (proxy),"World Bank Pink Sheet: Coal, Australian",World Bank Pink Sheet: Brent × 7.35 energy proxy,"Raw USD/INR daily close, weekly last observation",Prototype default; replace with AIS/port feed
2025-05-09,Freight-market proxy → East Coast India planning,14.363225806451613,1436.3225806451612,485.71645161290326,66.08387096774194,105.58709677419355,85.3555,1.8,2400.0,1.0,Statistics Finland sea-freight price index (proxy),"World Bank Pink Sheet: Coal, Australian",World Bank Pink Sheet: Brent × 7.35 energy proxy,"Raw USD/INR daily close, weekly last observation",Prototype default; replace with AIS/port feed
2025-05-16,Freight-market proxy → East Coast India planning,14.523548387096774,1452.3548387096773,497.83209677419353,67.73225806451613,106.6258064516129,85.5105,1.8,2400.0,1.0,Statistics Finland sea-freight price index (proxy),"World Bank Pink Sheet: Coal, Australian",World Bank Pink Sheet: Brent × 7.35 energy proxy,"Raw USD/INR daily close, weekly last observation",Prototype default; replace with AIS/port feed
2025-05-23,Freight-market proxy → East Coast India planning,14.683870967741937,1468.3870967741937,509.9477419354838,69.38064516129032,107.66451612903226,85.2145,1.8,2400.0,1.0,Statistics Finland sea-freight price index (proxy),"World Bank Pink Sheet: Coal, Australian",World Bank Pink Sheet: Brent × 7.35 energy proxy,"Raw USD/INR daily close, weekly last observation",Prototype default; replace with AIS/port feed
2025-05-30,Freight-market proxy → East Coast India planning,14.844193548387098,1484.4193548387098,522.0633870967741,71.02903225806452,108.70322580645161,85.5865,1.8,2400.0,1.0,Statistics Finland sea-freight price index (proxy),"World Bank Pink Sheet: Coal, Australian",World Bank Pink Sheet: Brent × 7.35 energy proxy,"Raw USD/INR daily close, weekly last observation",Prototype default; replace with AIS/port feed
2025-06-06,Freight-market proxy → East Coast India planning,15.746666666666668,1574.6666666666667,524.9125,71.41666666666667,109.65,85.6475,1.8,2400.0,1.0,Statistics Finland sea-freight price index (proxy),"World Bank Pink Sheet: Coal, Australian",World Bank Pink Sheet: Brent × 7.35 energy proxy,"Raw USD/INR daily close, weekly last observation",Prototype default; replace with AIS/port feed
2025-06-13,Freight-market proxy → East Coast India planning,16.945999999999998,1694.6,524.055,71.3,110.56,86.1065,1.8,2400.0,1.0,Statistics Finland sea-freight price index (proxy),"World Bank Pink Sheet: Coal, Australian",World Bank Pink Sheet: Brent × 7.35 energy proxy,"Raw USD/INR daily close, weekly last observation",Prototype default; replace with AIS/port feed
2025-06-20,Freight-market proxy → East Coast India planning,18.145333333333333,1814.5333333333333,523.1975,71.18333333333334,111.47,86.5935,1.8,2400.0,1.0,Statistics Finland sea-freight price index (proxy),"World Bank Pink Sheet: Coal, Australian",World Bank Pink Sheet: Brent × 7.35 energy proxy,"Raw USD/INR daily close, weekly last observation",Prototype default; replace with AIS/port feed
2025-06-27,Freight-market proxy → East Coast India planning,19.34466666666667,1934.4666666666667,522.3399999999999,71.06666666666666,112.38000000000001,85.4805,1.8,2400.0,1.0,Statistics Finland sea-freight price index (proxy),"World Bank Pink Sheet: Coal, Australian",World Bank Pink Sheet: Brent × 7.35 energy proxy,"Raw USD/INR daily close, weekly last observation",Prototype default; replace with AIS/port feed
2025-07-04,Freight-market proxy → East Coast India planning,20.051290322580645,2005.1290322580646,519.8583870967742,70.72903225806452,112.83225806451614,85.3975,1.8,2400.0,1.0,Statistics Finland sea-freight price index (proxy),"World Bank Pink Sheet: Coal, Australian",World Bank Pink Sheet: Brent × 7.35 energy proxy,"Raw USD/INR daily close, weekly last observation",Prototype default; replace with AIS/port feed
2025-07-11,Freight-market proxy → East Coast India planning,20.100967741935484,2010.0967741935483,515.2112903225806,70.09677419354838,112.6741935483871,85.7965,1.8,2400.0,1.0,Statistics Finland sea-freight price index (proxy),"World Bank Pink Sheet: Coal, Australian",World Bank Pink Sheet: Brent × 7.35 energy proxy,"Raw USD/INR daily close, weekly last observation",Prototype default; replace with AIS/port feed
2025-07-18,Freight-market proxy → East Coast India planning,20.15064516129032,2015.0645161290322,510.5641935483871,69.46451612903226,112.51612903225806,86.1605,1.8,2400.0,1.0,Statistics Finland sea-freight price index (proxy),"World Bank Pink Sheet: Coal, Australian",World Bank Pink Sheet: Brent × 7.35 energy proxy,"Raw USD/INR daily close, weekly last observation",Prototype default; replace with AIS/port feed
2025-07-25,Freight-market proxy → East Coast India planning,20.20032258064516,2020.032258064516,505.9170967741935,68.83225806451613,112.35806451612903,86.5225,1.8,2400.0,1.0,Statistics Finland sea-freight price index (proxy),"World Bank Pink Sheet: Coal, Australian",World Bank Pink Sheet: Brent × 7.35 energy proxy,"Raw USD/INR daily close, weekly last observation",Prototype default; replace with AIS/port feed
2025-08-01,Freight-market proxy → East Coast India planning,20.25,2025.0,501.27,68.2,112.2,87.5425,1.8,2400.0,1.0,Statistics Finland sea-freight price index (proxy),"World Bank Pink Sheet: Coal, Australian",World Bank Pink Sheet: Brent × 7.35 energy proxy,"Raw USD/INR daily close, weekly last observation",Prototype default; replace with AIS/port feed
2025-08-08,Freight-market proxy → East Coast India planning,20.496129032258064,2049.6129032258063,500.93806451612903,68.15483870967742,110.86774193548388,87.6565,1.8,2400.0,1.0,Statistics Finland sea-freight price index (proxy),"World Bank Pink Sheet: Coal, Australian",World Bank Pink Sheet: Brent × 7.35 energy proxy,"Raw USD/INR daily close, weekly last observation",Prototype default; replace with AIS/port feed
2025-08-15,Freight-market proxy → East Coast India planning,20.742258064516125,2074.2258064516127,500.606129032258,68.10967741935484,109.53548387096774,87.4995,1.8,2400.0,1.0,Statistics Finland sea-freight price index (proxy),"World Bank Pink Sheet: Coal, Australian",World Bank Pink Sheet: Brent × 7.35 energy proxy,"Raw USD/INR daily close, weekly last observation",Prototype default; replace with AIS/port feed
2025-08-22,Freight-market proxy → East Coast India planning,20.988387096774193,2098.8387096774195,500.2741935483871,68.06451612903226,108.20322580645161,87.5225,1.8,2400.0,1.0,Statistics Finland sea-freight price index (proxy),"World Bank Pink Sheet: Coal, Australian",World Bank Pink Sheet: Brent × 7.35 energy proxy,"Raw USD/INR daily close, weekly last observation",Prototype default; replace with AIS/port feed
2025-08-29,Freight-market proxy → East Coast India planning,21.234516129032258,2123.451612903226,499.94225806451607,68.01935483870967,106.87096774193549,88.2155,1.8,2400.0,1.0,Statistics Finland sea-freight price index (proxy),"World Bank Pink Sheet: Coal, Australian",World Bank Pink Sheet: Brent × 7.35 energy proxy,"Raw USD/INR daily close, weekly last observation",Prototype default; replace with AIS/port feed
2025-09-05,Freight-market proxy → East Coast India planning,21.116,2111.6,496.566,67.56,106.46,88.2575,1.8,2400.0,1.0,Statistics Finland sea-freight price index (proxy),"World Bank Pink Sheet: Coal, Australian",World Bank Pink Sheet: Brent × 7.35 energy proxy,"Raw USD/INR daily close, weekly last observation",Prototype default; replace with AIS/port feed
2025-09-12,Freight-market proxy → East Coast India planning,20.724,2072.4,490.9065,66.79,106.74,88.2735,1.8,2400.0,1.0,Statistics Finland sea-freight price index (proxy),"World Bank Pink Sheet: Coal, Australian",World Bank Pink Sheet: Brent × 7.35 energy proxy,"Raw USD/INR daily close, weekly last observation",Prototype default; replace with AIS/port feed
2025-09-19,Freight-market proxy → East Coast India planning,20.332,2033.2,485.24699999999996,66.02,107.02,88.0955,1.8,2400.0,1.0,Statistics Finland sea-freight price index (proxy),"World Bank Pink Sheet: Coal, Australian",World Bank Pink Sheet: Brent × 7.35 energy proxy,"Raw USD/INR daily close, weekly last observation",Prototype default; replace with AIS/port feed
2025-09-26,Freight-market proxy → East Coast India planning,19.94,1994.0,479.5875,65.25,107.3,88.7035,1.8,2400.0,1.0,Statistics Finland sea-freight price index (proxy),"World Bank Pink Sheet: Coal, Australian",World Bank Pink Sheet: Brent × 7.35 energy proxy,"Raw USD/INR daily close, weekly last observation",Prototype default; replace with AIS/port feed
2025-10-03,Freight-market proxy → East Coast India planning,20.043225806451613,2004.3225806451612,475.0233870967741,64.62903225806451,107.82903225806452,88.7855,1.8,2400.0,1.0,Statistics Finland sea-freight price index (proxy),"World Bank Pink Sheet: Coal, Australian",World Bank Pink Sheet: Brent × 7.35 energy proxy,"Raw USD/INR daily close, weekly last observation",Prototype default; replace with AIS/port feed
2025-10-10,Freight-market proxy → East Coast India planning,21.38451612903226,2138.451612903226,473.1977419354839,64.38064516129033,108.98064516129033,88.6905,1.8,2400.0,1.0,Statistics Finland sea-freight price index (proxy),"World Bank Pink Sheet: Coal, Australian",World Bank Pink Sheet: Brent × 7.35 energy proxy,"Raw USD/INR daily close, weekly last observation",Prototype default; replace with AIS/port feed
2025-10-17,Freight-market proxy → East Coast India planning,22.725806451612904,2272.5806451612902,471.3720967741936,64.13225806451614,110.13225806451612,87.9805,1.8,2400.0,1.0,Statistics Finland sea-freight price index (proxy),"World Bank Pink Sheet: Coal, Australian",World Bank Pink Sheet: Brent × 7.35 energy proxy,"Raw USD/INR daily close, weekly last observation",Prototype default; replace with AIS/port feed
2025-10-24,Freight-market proxy → East Coast India planning,24.067096774193548,2406.7096774193546,469.5464516129032,63.883870967741935,111.28387096774193,87.8475,1.8,2400.0,1.0,Statistics Finland sea-freight price index (proxy),"World Bank Pink Sheet: Coal, Australian",World Bank Pink Sheet: Brent × 7.35 energy proxy,"Raw USD/INR daily close, weekly last observation",Prototype default; replace with AIS/port feed
2025-10-31,Freight-market proxy → East Coast India planning,25.408387096774195,2540.8387096774195,467.72080645161293,63.63548387096775,112.43548387096773,88.7035,1.8,2400.0,1.0,Statistics Finland sea-freight price index (proxy),"World Bank Pink Sheet: Coal, Australian",World Bank Pink Sheet: Brent × 7.35 energy proxy,"Raw USD/INR daily close, weekly last observation",Prototype default; replace with AIS/port feed
2025-11-07,Freight-market proxy → East Coast India planning,24.234,2423.4,466.137,63.42,111.61999999999999,88.6485,1.8,2400.0,1.0,Statistics Finland sea-freight price index (proxy),"World Bank Pink Sheet: Coal, Australian",World Bank Pink Sheet: Brent × 7.35 energy proxy,"Raw USD/INR daily close, weekly last observation",Prototype default; replace with AIS/port feed
2025-11-14,Freight-market proxy → East Coast India planning,22.640333333333334,2264.0333333333333,464.5935,63.21,110.47666666666666,88.7125,1.8,2400.0,1.0,Statistics Finland sea-freight price index (proxy),"World Bank Pink Sheet: Coal, Australian",World Bank Pink Sheet: Brent × 7.35 energy proxy,"Raw USD/INR daily close, weekly last observation",Prototype default; replace with AIS/port feed
2025-11-21,Freight-market proxy → East Coast India planning,21.046666666666667,2104.6666666666665,463.04999999999995,63.0,109.33333333333333,89.6075,1.8,2400.0,1.0,Statistics Finland sea-freight price index (proxy),"World Bank Pink Sheet: Coal, Australian",World Bank Pink Sheet: Brent × 7.35 energy proxy,"Raw USD/INR daily close, weekly last observation",Prototype default; replace with AIS/port feed
2025-11-28,Freight-market proxy → East Coast India planning,19.453,1945.3,461.5065,62.790000000000006,108.19,89.4575,1.8,2400.0,1.0,Statistics Finland sea-freight price index (proxy),"World Bank Pink Sheet: Coal, Australian",World Bank Pink Sheet: Brent × 7.35 energy proxy,"Raw USD/INR daily close, weekly last observation",Prototype default; replace with AIS/port feed
2025-12-05,Freight-market proxy → East Coast India planning,19.11967741935484,1911.967741935484,464.7333870967742,63.22903225806452,107.97096774193548,89.9665,1.8,2400.0,1.0,Statistics Finland sea-freight price index (proxy),"World Bank Pink Sheet: Coal, Australian",World Bank Pink Sheet: Brent × 7.35 energy proxy,"Raw USD/INR daily close, weekly last observation",Prototype default; replace with AIS/port feed
2025-12-12,Freight-market proxy → East Coast India planning,19.73161290322581,1973.1612903225807,471.538064516129,64.15483870967742,108.44516129032259,90.4875,1.8,2400.0,1.0,Statistics Finland sea-freight price index (proxy),"World Bank Pink Sheet: Coal, Australian",World Bank Pink Sheet: Brent × 7.35 energy proxy,"Raw USD/INR daily close, weekly last observation",Prototype default; replace with AIS/port feed
2025-12-19,Freight-market proxy → East Coast India planning,20.343548387096774,2034.3548387096773,478.34274193548384,65.08064516129032,108.91935483870968,89.6425,1.8,2400.0,1.0,Statistics Finland sea-freight price index (proxy),"World Bank Pink Sheet: Coal, Australian",World Bank Pink Sheet: Brent × 7.35 energy proxy,"Raw USD/INR daily close, weekly last observation",Prototype default; replace with AIS/port feed
2025-12-26,Freight-market proxy → East Coast India planning,20.95548387096774,2095.548387096774,485.14741935483863,66.00645161290322,109.39354838709677,89.7275,1.8,2400.0,1.0,Statistics Finland sea-freight price index (proxy),"World Bank Pink Sheet: Coal, Australian",World Bank Pink Sheet: Brent × 7.35 energy proxy,"Raw USD/INR daily close, weekly last observation",Prototype default; replace with AIS/port feed
